cohort,index,label,arm,conditional_bits_per_predicted_pixel,review_scope
development10,0,7,A00,0.6010894304259868,legacy_context
development10,0,7,A10,0.594202676826307,additional_reconstruction_scope
development10,0,7,A01,0.6063898005293579,additional_reconstruction_scope
development10,0,7,A11,0.6008779768475774,legacy_context
development10,0,7,fp16_boundary,0.6021744343011931,legacy_context
development10,0,7,bf16_pair_boundary,0.6010824044713786,legacy_context
development10,1,2,A00,0.6630580850793157,legacy_context
development10,1,2,A10,0.66571220310493,additional_reconstruction_scope
development10,1,2,A01,0.6965383533226005,additional_reconstruction_scope
development10,1,2,A11,0.7127969789946892,legacy_context
development10,1,2,fp16_boundary,0.6651563582139838,legacy_context
development10,1,2,bf16_pair_boundary,0.6630636078861304,legacy_context
development10,2,1,A00,0.4599025340682202,legacy_context
development10,2,1,A10,0.4611203441104631,additional_reconstruction_scope
development10,2,1,A01,0.46058848541793795,additional_reconstruction_scope
development10,2,1,A11,0.4612967153298749,legacy_context
development10,2,1,fp16_boundary,0.46115640784586576,legacy_context
development10,2,1,bf16_pair_boundary,0.4599026001102322,legacy_context
development10,3,0,A00,0.4028810132288415,legacy_context
development10,3,0,A10,0.3938011174489962,additional_reconstruction_scope
development10,3,0,A01,0.4424797070001333,additional_reconstruction_scope
development10,3,0,A11,0.4401788935897259,legacy_context
development10,3,0,fp16_boundary,0.3948789276535624,legacy_context
development10,3,0,bf16_pair_boundary,0.40287112158607985,legacy_context
development10,4,4,A00,0.48442931801341094,additional_reconstruction_scope
development10,4,4,A10,0.5031791646890005,additional_reconstruction_scope
development10,4,4,A01,0.4863624085628771,additional_reconstruction_scope
development10,4,4,A11,0.5107353563013204,additional_reconstruction_scope
development10,4,4,fp16_boundary,0.48368950425367296,additional_reconstruction_scope
development10,4,4,bf16_pair_boundary,0.4844315775686398,additional_reconstruction_scope
development10,7,9,A00,0.6467742584796294,additional_reconstruction_scope
development10,7,9,A10,0.6482003264967711,additional_reconstruction_scope
development10,7,9,A01,0.6503604477400957,additional_reconstruction_scope
development10,7,9,A11,0.6604205568298042,additional_reconstruction_scope
development10,7,9,fp16_boundary,0.6463632542687094,additional_reconstruction_scope
development10,7,9,bf16_pair_boundary,0.6467675582689658,additional_reconstruction_scope
development10,8,5,A00,0.8941794138472055,additional_reconstruction_scope
development10,8,5,A10,0.8867387472747645,additional_reconstruction_scope
development10,8,5,A01,0.9082667249709582,additional_reconstruction_scope
development10,8,5,A11,0.8986161570755656,additional_reconstruction_scope
development10,8,5,fp16_boundary,0.8964280955672799,additional_reconstruction_scope
development10,8,5,bf16_pair_boundary,0.8941673488649625,additional_reconstruction_scope
development10,11,6,A00,0.5121955990761348,additional_reconstruction_scope
development10,11,6,A10,0.534755114572527,additional_reconstruction_scope
development10,11,6,A01,0.5244288011273878,additional_reconstruction_scope
development10,11,6,A11,0.5617980928450775,additional_reconstruction_scope
development10,11,6,fp16_boundary,0.5117101199959309,additional_reconstruction_scope
development10,11,6,bf16_pair_boundary,0.5122029235990521,additional_reconstruction_scope
development10,18,3,A00,1.0907899209523677,additional_reconstruction_scope
development10,18,3,A10,1.0853600491001918,additional_reconstruction_scope
development10,18,3,A01,1.098896023856971,additional_reconstruction_scope
development10,18,3,A11,1.0954437564133666,additional_reconstruction_scope
development10,18,3,fp16_boundary,1.0902048039298122,additional_reconstruction_scope
development10,18,3,bf16_pair_boundary,1.0907925019308813,additional_reconstruction_scope
development10,61,8,A00,0.7382954589074144,additional_reconstruction_scope
development10,61,8,A10,0.7460989583765769,additional_reconstruction_scope
development10,61,8,A01,0.7400315780132545,additional_reconstruction_scope
development10,61,8,A11,0.7506809257159625,additional_reconstruction_scope
development10,61,8,fp16_boundary,0.7382811817409785,additional_reconstruction_scope
development10,61,8,bf16_pair_boundary,0.7382857937869927,additional_reconstruction_scope
fixed32,6116,3,A00,0.6638537372678954,additional_reconstruction_scope
fixed32,6116,3,A10,0.6726414175063536,additional_reconstruction_scope
fixed32,6116,3,A01,0.6585043272023742,additional_reconstruction_scope
fixed32,6116,3,A11,0.6714335157003297,additional_reconstruction_scope
fixed32,6116,3,fp16_boundary,0.6615075824566986,additional_reconstruction_scope
fixed32,6116,3,bf16_pair_boundary,0.6638438814683756,additional_reconstruction_scope
fixed32,8068,1,A00,0.2412881226293726,additional_reconstruction_scope
fixed32,8068,1,A10,0.23620995707168727,additional_reconstruction_scope
fixed32,8068,1,A01,0.241886564994259,additional_reconstruction_scope
fixed32,8068,1,A11,0.24422839455915069,additional_reconstruction_scope
fixed32,8068,1,fp16_boundary,0.23939447267458142,additional_reconstruction_scope
fixed32,8068,1,bf16_pair_boundary,0.24128709032362886,additional_reconstruction_scope
fixed32,5732,1,A00,0.25433968999365253,additional_reconstruction_scope
fixed32,5732,1,A10,0.27521380703536175,additional_reconstruction_scope
fixed32,5732,1,A01,0.2597752820773526,additional_reconstruction_scope
fixed32,5732,1,A11,0.28585129937470205,additional_reconstruction_scope
fixed32,5732,1,fp16_boundary,0.25411955729703456,additional_reconstruction_scope
fixed32,5732,1,bf16_pair_boundary,0.2543431644629459,additional_reconstruction_scope
fixed32,9178,6,A00,0.9518421754003403,additional_reconstruction_scope
fixed32,9178,6,A10,0.9512395158685164,additional_reconstruction_scope
fixed32,9178,6,A01,0.9520776534393925,additional_reconstruction_scope
fixed32,9178,6,A11,0.9512775753865068,additional_reconstruction_scope
fixed32,9178,6,fp16_boundary,0.951821420416156,additional_reconstruction_scope
fixed32,9178,6,bf16_pair_boundary,0.9518458104801839,additional_reconstruction_scope
fixed32,4220,3,A00,0.45949238087516286,additional_reconstruction_scope
fixed32,4220,3,A10,0.46437828996938946,additional_reconstruction_scope
fixed32,4220,3,A01,0.46785596613629693,additional_reconstruction_scope
fixed32,4220,3,A11,0.4792169465101123,additional_reconstruction_scope
fixed32,4220,3,fp16_boundary,0.4587308643593623,additional_reconstruction_scope
fixed32,4220,3,bf16_pair_boundary,0.45949348142226015,additional_reconstruction_scope
fixed32,5609,6,A00,0.7009842773702025,additional_reconstruction_scope
fixed32,5609,6,A10,0.6973862835939036,additional_reconstruction_scope
fixed32,5609,6,A01,0.7090850520587446,additional_reconstruction_scope
fixed32,5609,6,A11,0.7096279863417664,additional_reconstruction_scope
fixed32,5609,6,fp16_boundary,0.7027005133712845,additional_reconstruction_scope
fixed32,5609,6,bf16_pair_boundary,0.700990137273022,additional_reconstruction_scope
fixed32,2878,1,A00,0.2018630792247728,additional_reconstruction_scope
fixed32,2878,1,A10,0.20125284684131386,additional_reconstruction_scope
fixed32,2878,1,A01,0.20292648414883582,additional_reconstruction_scope
fixed32,2878,1,A11,0.2006605934654521,additional_reconstruction_scope
fixed32,2878,1,fp16_boundary,0.20022259697495445,additional_reconstruction_scope
fixed32,2878,1,bf16_pair_boundary,0.20186649289427536,additional_reconstruction_scope
fixed32,2000,6,A00,1.1939386690871674,additional_reconstruction_scope
fixed32,2000,6,A10,1.1928926545841303,additional_reconstruction_scope
fixed32,2000,6,A01,1.192686021920738,additional_reconstruction_scope
fixed32,2000,6,A11,1.1914697443335867,additional_reconstruction_scope
fixed32,2000,6,fp16_boundary,1.1936900706626514,additional_reconstruction_scope
fixed32,2000,6,bf16_pair_boundary,1.1939393960049223,additional_reconstruction_scope
fixed32,1916,6,A00,0.18972845071169045,additional_reconstruction_scope
fixed32,1916,6,A10,0.19142685658899272,additional_reconstruction_scope
fixed32,1916,6,A01,0.18871995886705523,additional_reconstruction_scope
fixed32,1916,6,A11,0.1912092354141066,additional_reconstruction_scope
fixed32,1916,6,fp16_boundary,0.19013610798622524,additional_reconstruction_scope
fixed32,1916,6,bf16_pair_boundary,0.18972691253418567,additional_reconstruction_scope
fixed32,1722,2,A00,0.774787038771019,additional_reconstruction_scope
fixed32,1722,2,A10,0.7633646742328277,additional_reconstruction_scope
fixed32,1722,2,A01,0.7928640876205755,additional_reconstruction_scope
fixed32,1722,2,A11,0.785965410484017,additional_reconstruction_scope
fixed32,1722,2,fp16_boundary,0.7740961579949243,additional_reconstruction_scope
fixed32,1722,2,bf16_pair_boundary,0.7747801332548137,additional_reconstruction_scope
fixed32,9365,3,A00,0.7494814715979679,additional_reconstruction_scope
fixed32,9365,3,A10,0.7521225689678436,additional_reconstruction_scope
fixed32,9365,3,A01,0.752166461365647,additional_reconstruction_scope
fixed32,9365,3,A11,0.754750554785785,additional_reconstruction_scope
fixed32,9365,3,fp16_boundary,0.74983659956739,additional_reconstruction_scope
fixed32,9365,3,bf16_pair_boundary,0.7494832954421659,additional_reconstruction_scope
fixed32,8228,0,A00,1.1495470967472674,additional_reconstruction_scope
fixed32,8228,0,A10,1.157008819156267,additional_reconstruction_scope
fixed32,8228,0,A01,1.1476014047496814,additional_reconstruction_scope
fixed32,8228,0,A11,1.156304982143763,additional_reconstruction_scope
fixed32,8228,0,fp16_boundary,1.1516542605362128,additional_reconstruction_scope
fixed32,8228,0,bf16_pair_boundary,1.1495454510042957,additional_reconstruction_scope
fixed32,9961,6,A00,1.0418701524150178,additional_reconstruction_scope
fixed32,9961,6,A10,1.0458430656274085,additional_reconstruction_scope
fixed32,9961,6,A01,1.0415010950656591,additional_reconstruction_scope
fixed32,9961,6,A11,1.0452156157465746,additional_reconstruction_scope
fixed32,9961,6,fp16_boundary,1.0424146658778475,additional_reconstruction_scope
fixed32,9961,6,bf16_pair_boundary,1.041868724967785,additional_reconstruction_scope
fixed32,6707,6,A00,0.7182900234094828,additional_reconstruction_scope
fixed32,6707,6,A10,0.7173187066213612,additional_reconstruction_scope
fixed32,6707,6,A01,0.721713100157528,additional_reconstruction_scope
fixed32,6707,6,A11,0.722467571581913,additional_reconstruction_scope
fixed32,6707,6,fp16_boundary,0.7174535436763874,additional_reconstruction_scope
fixed32,6707,6,bf16_pair_boundary,0.7182852765756131,additional_reconstruction_scope
fixed32,6680,1,A00,0.4783085361734073,additional_reconstruction_scope
fixed32,6680,1,A10,0.4828083999657778,additional_reconstruction_scope
fixed32,6680,1,A01,0.4769805132099639,additional_reconstruction_scope
fixed32,6680,1,A11,0.48166500950557467,additional_reconstruction_scope
fixed32,6680,1,fp16_boundary,0.47881396878983706,additional_reconstruction_scope
fixed32,6680,1,bf16_pair_boundary,0.478304675816555,additional_reconstruction_scope
fixed32,144,7,A00,0.4210541461758684,additional_reconstruction_scope
fixed32,144,7,A10,0.4051952523746772,additional_reconstruction_scope
fixed32,144,7,A01,0.4245812309214588,additional_reconstruction_scope
fixed32,144,7,A11,0.41700755606423195,additional_reconstruction_scope
fixed32,144,7,fp16_boundary,0.42148604303740683,additional_reconstruction_scope
fixed32,144,7,bf16_pair_boundary,0.42104487024856735,additional_reconstruction_scope
fixed32,4697,7,A00,0.4018787563081494,additional_reconstruction_scope
fixed32,4697,7,A10,0.3975187620197662,additional_reconstruction_scope
fixed32,4697,7,A01,0.40780143640871136,additional_reconstruction_scope
fixed32,4697,7,A11,0.4053029398808602,additional_reconstruction_scope
fixed32,4697,7,fp16_boundary,0.4038847082631069,additional_reconstruction_scope
fixed32,4697,7,bf16_pair_boundary,0.40188223726486394,additional_reconstruction_scope
fixed32,3921,2,A00,0.8175307484001435,additional_reconstruction_scope
fixed32,3921,2,A10,0.8206896686605193,additional_reconstruction_scope
fixed32,3921,2,A01,0.8239702553407274,additional_reconstruction_scope
fixed32,3921,2,A11,0.8272691191678854,additional_reconstruction_scope
fixed32,3921,2,fp16_boundary,0.8151221208433653,additional_reconstruction_scope
fixed32,3921,2,bf16_pair_boundary,0.8175254102997389,additional_reconstruction_scope
fixed32,6374,1,A00,0.09530072789391535,additional_reconstruction_scope
fixed32,6374,1,A10,0.09631535283162489,additional_reconstruction_scope
fixed32,6374,1,A01,0.09512433897185076,additional_reconstruction_scope
fixed32,6374,1,A11,0.09624753177246888,additional_reconstruction_scope
fixed32,6374,1,fp16_boundary,0.09544967689376242,additional_reconstruction_scope
fixed32,6374,1,bf16_pair_boundary,0.09529795720422582,additional_reconstruction_scope
fixed32,3337,2,A00,0.653886449876641,additional_reconstruction_scope
fixed32,3337,2,A10,0.6445619052413935,additional_reconstruction_scope
fixed32,3337,2,A01,0.656295992245948,additional_reconstruction_scope
fixed32,3337,2,A11,0.6604241878097297,additional_reconstruction_scope
fixed32,3337,2,fp16_boundary,0.6559785659311446,additional_reconstruction_scope
fixed32,3337,2,bf16_pair_boundary,0.653888255918144,additional_reconstruction_scope
fixed32,9509,1,A00,0.4847882466866903,additional_reconstruction_scope
fixed32,9509,1,A10,0.48796807293796224,additional_reconstruction_scope
fixed32,9509,1,A01,0.49327941155202554,additional_reconstruction_scope
fixed32,9509,1,A11,0.496163923574952,additional_reconstruction_scope
fixed32,9509,1,fp16_boundary,0.4855844489558941,additional_reconstruction_scope
fixed32,9509,1,bf16_pair_boundary,0.48479455469122934,additional_reconstruction_scope
fixed32,7163,2,A00,0.40727835065857815,additional_reconstruction_scope
fixed32,7163,2,A10,0.4183680353548573,additional_reconstruction_scope
fixed32,7163,2,A01,0.4071712052642793,additional_reconstruction_scope
fixed32,7163,2,A11,0.4346045366059969,additional_reconstruction_scope
fixed32,7163,2,fp16_boundary,0.4068791044965109,additional_reconstruction_scope
fixed32,7163,2,bf16_pair_boundary,0.4072774129005726,additional_reconstruction_scope
fixed32,895,0,A00,1.1668616722688494,additional_reconstruction_scope
fixed32,895,0,A10,1.1569482734084233,additional_reconstruction_scope
fixed32,895,0,A01,1.1639307887717292,additional_reconstruction_scope
fixed32,895,0,A11,1.1579987828163465,additional_reconstruction_scope
fixed32,895,0,fp16_boundary,1.1660213604888137,additional_reconstruction_scope
fixed32,895,0,bf16_pair_boundary,1.1668585182976525,additional_reconstruction_scope
fixed32,192,0,A00,0.7677908639312885,additional_reconstruction_scope
fixed32,192,0,A10,0.7795737773160765,additional_reconstruction_scope
fixed32,192,0,A01,0.7742545447837401,additional_reconstruction_scope
fixed32,192,0,A11,0.7867744326845781,additional_reconstruction_scope
fixed32,192,0,fp16_boundary,0.7678669787955978,additional_reconstruction_scope
fixed32,192,0,bf16_pair_boundary,0.7677923209426879,additional_reconstruction_scope
fixed32,9650,7,A00,0.7407749824917668,additional_reconstruction_scope
fixed32,9650,7,A10,0.7361063086183479,additional_reconstruction_scope
fixed32,9650,7,A01,0.7465513982044667,additional_reconstruction_scope
fixed32,9650,7,A11,0.7436213148388982,additional_reconstruction_scope
fixed32,9650,7,fp16_boundary,0.7400426031017683,additional_reconstruction_scope
fixed32,9650,7,bf16_pair_boundary,0.74077625488762,additional_reconstruction_scope
fixed32,3233,4,A00,0.5038379214419759,additional_reconstruction_scope
fixed32,3233,4,A10,0.49974753567309177,additional_reconstruction_scope
fixed32,3233,4,A01,0.5083882490655501,additional_reconstruction_scope
fixed32,3233,4,A11,0.50406719299731,additional_reconstruction_scope
fixed32,3233,4,fp16_boundary,0.5029519976589121,additional_reconstruction_scope
fixed32,3233,4,bf16_pair_boundary,0.50383601643348,additional_reconstruction_scope
fixed32,7198,8,A00,1.0392235761512498,additional_reconstruction_scope
fixed32,7198,8,A10,1.0399684686444062,additional_reconstruction_scope
fixed32,7198,8,A01,1.0381671650844668,additional_reconstruction_scope
fixed32,7198,8,A11,1.040448571332909,additional_reconstruction_scope
fixed32,7198,8,fp16_boundary,1.0386931384803844,additional_reconstruction_scope
fixed32,7198,8,bf16_pair_boundary,1.039218889298427,additional_reconstruction_scope
fixed32,2130,4,A00,0.7424377121608892,additional_reconstruction_scope
fixed32,2130,4,A10,0.7461162804593421,additional_reconstruction_scope
fixed32,2130,4,A01,0.7386358919120585,additional_reconstruction_scope
fixed32,2130,4,A11,0.7470490771661922,additional_reconstruction_scope
fixed32,2130,4,fp16_boundary,0.7417518938057224,additional_reconstruction_scope
fixed32,2130,4,bf16_pair_boundary,0.7424405086181183,additional_reconstruction_scope
fixed32,3500,4,A00,0.30017577469875567,additional_reconstruction_scope
fixed32,3500,4,A10,0.28659611993912987,additional_reconstruction_scope
fixed32,3500,4,A01,0.3053265400283148,additional_reconstruction_scope
fixed32,3500,4,A11,0.29353032348895225,additional_reconstruction_scope
fixed32,3500,4,fp16_boundary,0.29933072653290477,additional_reconstruction_scope
fixed32,3500,4,bf16_pair_boundary,0.30015677850601336,additional_reconstruction_scope
fixed32,3875,4,A00,0.498602848037057,additional_reconstruction_scope
fixed32,3875,4,A10,0.5073467047966894,additional_reconstruction_scope
fixed32,3875,4,A01,0.49824776268420645,additional_reconstruction_scope
fixed32,3875,4,A11,0.5099890026001594,additional_reconstruction_scope
fixed32,3875,4,fp16_boundary,0.49774446451434323,additional_reconstruction_scope
fixed32,3875,4,bf16_pair_boundary,0.4986059139674435,additional_reconstruction_scope
fixed32,3861,9,A00,0.6780034735833618,additional_reconstruction_scope
fixed32,3861,9,A10,0.6827056334454593,additional_reconstruction_scope
fixed32,3861,9,A01,0.6768395236925295,additional_reconstruction_scope
fixed32,3861,9,A11,0.6816583114691145,additional_reconstruction_scope
fixed32,3861,9,fp16_boundary,0.6773137407559019,additional_reconstruction_scope
fixed32,3861,9,bf16_pair_boundary,0.6780031725703517,additional_reconstruction_scope
fixed32,6871,7,A00,0.5841837937320548,additional_reconstruction_scope
fixed32,6871,7,A10,0.5806549108547905,additional_reconstruction_scope
fixed32,6871,7,A01,0.5944492022685183,additional_reconstruction_scope
fixed32,6871,7,A11,0.5916344863371198,additional_reconstruction_scope
fixed32,6871,7,fp16_boundary,0.5852924239987988,additional_reconstruction_scope
fixed32,6871,7,bf16_pair_boundary,0.5841872170421839,additional_reconstruction_scope
