arm,layer,step_start,step_end_exclusive,mean_image_absorbed_positive_rate,pooled_absorbed_positive_count
A00,0,0,128,0.0,0
A10,0,0,128,0.0,0
A00,0,128,256,0.0,0
A10,0,128,256,0.0,0
A00,0,256,512,0.0,0
A10,0,256,512,0.0,0
A00,0,512,783,0.0,0
A10,0,512,783,0.0,0
A11,0,0,128,0.18902587890625,24776
A11,0,128,256,0.6159210205078125,80730
A11,0,256,512,0.7339747921446456,192399
A11,0,512,783,0.8395338445571956,232974
A01,0,0,128,0.18902587890625,24776
A01,0,128,256,0.6159210205078125,80730
A01,0,256,512,0.7339747921446456,192399
A01,0,512,783,0.8395338445571956,232974
fp16_boundary,0,0,128,0.02201080322265625,2885
fp16_boundary,0,128,256,0.22417449951171875,29383
fp16_boundary,0,256,512,0.4117113335191295,107923
fp16_boundary,0,512,783,0.5443272889760147,151053
bf16_pair_boundary,0,0,128,0.0,0
bf16_pair_boundary,0,128,256,0.00644683837890625,845
bf16_pair_boundary,0,256,512,0.024969212702986292,6545
bf16_pair_boundary,0,512,783,0.03134729589483395,8699
A00,7,0,128,0.0,0
A10,7,0,128,0.0,0
A00,7,128,256,0.0,0
A10,7,128,256,0.0,0
A00,7,256,512,0.0,0
A10,7,256,512,0.0,0
A00,7,512,783,0.0,0
A10,7,512,783,0.0,0
A11,7,0,128,0.3634185791015625,47634
A11,7,128,256,0.6183759392505643,80962
A11,7,256,512,0.6647673182498759,173593
A11,7,512,783,0.7311595070030736,200982
A01,7,0,128,0.36363983154296875,47663
A01,7,128,256,0.619636500189038,81124
A01,7,256,512,0.6652240521237482,173676
A01,7,512,783,0.7320552671639531,201176
fp16_boundary,7,0,128,0.19756317138671875,25895
fp16_boundary,7,128,256,0.34163971012586225,44726
fp16_boundary,7,256,512,0.3566100276906372,93083
fp16_boundary,7,512,783,0.3841089336697324,105487
bf16_pair_boundary,7,0,128,0.015350341796875,2012
bf16_pair_boundary,7,128,256,0.0380330336831039,4979
bf16_pair_boundary,7,256,512,0.048272114424677215,12600
bf16_pair_boundary,7,512,783,0.06770779431881302,18583
