index,maxAbsReturned,inspectedCalls
6116,12699.078125,783
8068,14306.701171875,783
5732,13763.0859375,783
9178,17056.8359375,783
4220,14435.90234375,783
5609,15205.833984375,783
2878,15581.3388671875,783
2000,10594.7841796875,783
1916,12143.34765625,783
1722,10527.3203125,783
9365,14688.685546875,783
8228,15082.255859375,783
9961,11305.18359375,783
6707,13276.0126953125,783
6680,13535.833984375,783
144,10457.7421875,783
4697,11985.8525390625,783
3921,14789.7783203125,783
6374,11224.0400390625,783
3337,15435.66796875,783
9509,15415.7216796875,783
7163,15406.1005859375,783
895,13418.51171875,783
192,14190.8955078125,783
9650,12699.5205078125,783
3233,12381.353515625,783
7198,12867.2060546875,783
2130,12959.265625,783
3500,11781.810546875,783
3875,12656.0107421875,783
3861,12378.119140625,783
6871,11345.576171875,783
