index,label,contrast,step_start,step_end_exclusive,length,signed_sum_bits,signed_per_token_bits,signed_final_bpp_contribution,mean_absolute_per_token_bits
6116,3,A10_minus_A00,0,128,128,0.0015050098070387434,1.1757889117490183e-05,1.9221070332551003e-06,3.529002680513557e-05
6116,3,A10_minus_A00,128,256,128,-0.008323431792309266,-6.502681087741614e-05,-1.063018108851758e-05,0.007958945761560659
6116,3,A10_minus_A00,256,512,256,-0.12392564635310281,-0.00048408455606680786,-0.00015827030185581458,0.021469707331805477
6116,3,A10_minus_A00,512,783,271,7.011497695051119,0.025872685221590846,0.008954658614369245,0.08033482221222109
8068,1,A10_minus_A00,0,128,128,0.0015050098070387434,1.1757889117490183e-05,1.9221070332551003e-06,3.529002680513557e-05
8068,1,A10_minus_A00,128,256,128,-3.3217147824505884,-0.02595089673789522,-0.004242292187037789,0.03192184338476208
8068,1,A10_minus_A00,256,512,256,0.3125391362636555,0.0012208560010299042,0.00039915598501105427,0.018347248804126644
8068,1,A10_minus_A00,512,783,271,-0.968532995287751,-0.0035739224918367196,-0.0012369514626918916,0.021608392796045213
5732,1,A10_minus_A00,0,128,128,0.0015050098070387434,1.1757889117490183e-05,1.9221070332551003e-06,3.529002680513557e-05
5732,1,A10_minus_A00,128,256,128,1.2121712078519027,0.00947008756134299,0.0015481113765669254,0.010767914750893719
5732,1,A10_minus_A00,256,512,256,3.5969710399759003,0.01405066812490586,0.004593832745818519,0.01912626217761505
5732,1,A10_minus_A00,512,783,271,11.533786386023422,0.04256009736540008,0.01473025081229045,0.055593218079061126
9178,6,A10_minus_A00,0,128,128,-0.010916031213778045,-8.528149385764098e-05,-1.3941291460763787e-05,0.0036897806245729655
9178,6,A10_minus_A00,128,256,128,0.07919911548326805,0.0006187430897130316,0.00010114829563635767,0.006362363371415154
9178,6,A10_minus_A00,256,512,256,-1.441881350937832,-0.005632349027100907,-0.0018414832068171546,0.05341889854115375
9178,6,A10_minus_A00,512,783,271,0.9017158532503542,0.0033273647721415284,0.0011516166708178215,0.029945004301137973
4220,3,A10_minus_A00,0,128,128,0.0015050098070387434,1.1757889117490183e-05,1.9221070332551003e-06,3.529002680513557e-05
4220,3,A10_minus_A00,128,256,128,-0.07185776386331555,-0.0005613887801821527,-9.177236764152688e-05,0.018801689708805316
4220,3,A10_minus_A00,256,512,256,0.3992835120332717,0.0015597012188799677,0.000509940628394983,0.030964570305820643
4220,3,A10_minus_A00,512,783,271,3.4967360628024693,0.012903085102592138,0.004465818726439935,0.05129698153110412
5609,6,A10_minus_A00,0,128,128,0.10057833791316928,0.000785768264946635,0.00012845253884185092,0.005682191872171504
5609,6,A10_minus_A00,128,256,128,-0.6623984628528233,-0.005174987991037682,-0.0008459750483433248,0.022483322602374987
5609,6,A10_minus_A00,256,512,256,-3.5173834950342773,-0.013739779277477646,-0.0044921883716912865,0.06513039087844355
5609,6,A10_minus_A00,512,783,271,1.2619744931318304,0.004656732446980924,0.0016117171048937809,0.03143114149919219
2878,1,A10_minus_A00,0,128,128,0.19638757460185308,0.0015342779265769772,0.0002508142715221623,0.0015578100642646227
2878,1,A10_minus_A00,128,256,128,0.41497200139050167,0.0032419687608632943,0.000529977013270117,0.005475344979293079
2878,1,A10_minus_A00,256,512,256,-0.909715396438571,-0.003553575767338168,-0.0011618332010709719,0.006586974596392012
2878,1,A10_minus_A00,512,783,271,-0.1794561358021486,-0.0006621997631075594,-0.0002291904671802664,0.010911244912188584
2000,6,A10_minus_A00,0,128,128,-0.19186056401592347,-0.001498910656374402,-0.00024503264880705426,0.0026139207507225055
2000,6,A10_minus_A00,128,256,128,-0.20165213064346302,-0.0015754072706520548,-0.00025753784245653006,0.004330159529940532
2000,6,A10_minus_A00,256,512,256,-0.4978804675404674,-0.0019448455763299507,-0.0006358626660797795,0.01851836367570306
2000,6,A10_minus_A00,512,783,271,0.07236380632185217,0.0002670251155787903,9.241865430632461e-05,0.00913917720294961
1916,6,A10_minus_A00,0,128,128,0.07316013691276672,0.00057156356963099,9.343567932664972e-05,0.0022289256052286984
1916,6,A10_minus_A00,128,256,128,0.5015105783079343,0.003918051393030737,0.000640498822870925,0.009486807818453345
1916,6,A10_minus_A00,256,512,256,1.2448018170661352,0.004862507097914591,0.0015897852069810157,0.012302564905018784
1916,6,A10_minus_A00,512,783,271,-0.4896207303591764,-0.001806718562210983,-0.0006253138318763428,0.005826076704597492
1722,2,A10_minus_A00,0,128,128,0.0015050098070387434,1.1757889117490183e-05,1.9221070332551003e-06,3.529002680513557e-05
1722,2,A10_minus_A00,128,256,128,1.244139865133039,0.009719842696351868,0.0015889398022133322,0.015336766739352806
1722,2,A10_minus_A00,256,512,256,0.46136275391020787,0.0018021982574617495,0.0005892244622097163,0.02946849656864261
1722,2,A10_minus_A00,512,783,271,-10.65071906225404,-0.03930154635518096,-0.01360245090964756,0.045015103980292785
9365,3,A10_minus_A00,0,128,128,0.061140025433546116,0.00047765644869957903,7.808432366991842e-05,0.0031689319768602397
9365,3,A10_minus_A00,128,256,128,0.06613030073266968,0.0005166429744739819,8.445759991400981e-05,0.009631690724306505
9365,3,A10_minus_A00,256,512,256,1.484236583670125,0.005797799154961426,0.0018955767352108876,0.021122411616129027
9365,3,A10_minus_A00,512,783,271,0.45647233077644067,0.0016843997445625117,0.0005829787110810226,0.02268195482947249
8228,0,A10_minus_A00,0,128,128,0.0015050098070387434,1.1757889117490183e-05,1.9221070332551003e-06,3.529002680513557e-05
8228,0,A10_minus_A00,128,256,128,-0.2670700574258499,-0.002086484823639452,-0.00034108564166775206,0.014763068701912014
8228,0,A10_minus_A00,256,512,256,3.189323113970691,0.012458293413948012,0.0040732095963865785,0.08356263924731061
8228,0,A10_minus_A00,512,783,271,2.9187705798952597,0.010770371143524943,0.0037276763472480967,0.06599488730346284
9961,6,A10_minus_A00,0,128,128,0.08341917829939857,0.0006517123304640513,0.00010653790331979383,0.0018921635768211886
9961,6,A10_minus_A00,128,256,128,-0.1256021178227805,-0.0009812665454904726,-0.00016041138930112452,0.0029670795699054705
9961,6,A10_minus_A00,256,512,256,2.2305380128464067,0.008713039112681276,0.002848707551527978,0.02587179681517566
9961,6,A10_minus_A00,512,783,271,0.9224359719789399,0.0034038227748300364,0.0011780791468441122,0.024335644166669067
6707,6,A10_minus_A00,0,128,128,0.12447595569802125,0.000972468403890791,0.00015897312349683428,0.002733779038834019
6707,6,A10_minus_A00,128,256,128,-0.6457404892330701,-0.0050448475721333605,-0.000824700497104815,0.012865294018853508
6707,6,A10_minus_A00,256,512,256,-1.4320140909444032,-0.005593805042751575,-0.001828881342202303,0.03195162516141059
6707,6,A10_minus_A00,512,783,271,1.1927375793802417,0.004401245680369896,0.0015232919276886867,0.01778503435347267
6680,1,A10_minus_A00,0,128,128,0.0015050098070387434,1.1757889117490183e-05,1.9221070332551003e-06,3.529002680513557e-05
6680,1,A10_minus_A00,128,256,128,-0.49215851948985867,-0.003844988433514521,-0.0006285549418772142,0.008724187573896498
6680,1,A10_minus_A00,256,512,256,1.740318975138468,0.006798120996634641,0.002222629597877992,0.012927003590395812
6680,1,A10_minus_A00,512,783,271,2.2737278839704276,0.00839013979324881,0.0029038670293364335,0.019727872541932524
144,7,A10_minus_A00,0,128,128,0.0015050098070387434,1.1757889117490183e-05,1.9221070332551003e-06,3.529002680513557e-05
144,7,A10_minus_A00,128,256,128,1.0532776784239997,0.008228731862687497,0.0013451822202094504,0.016690470376843992
144,7,A10_minus_A00,256,512,256,-6.108170720612405,-0.023860041877392206,-0.007800984317512649,0.06088461115193403
144,7,A10_minus_A00,512,783,271,-7.364125813951374,-0.027173895992440494,-0.009405013810921296,0.038045255552074775
4697,7,A10_minus_A00,0,128,128,0.0015050098070387434,1.1757889117490183e-05,1.9221070332551003e-06,3.529002680513557e-05
4697,7,A10_minus_A00,128,256,128,-0.44832413255014225,-0.0035025322855479863,-0.0005725723276502455,0.012354874971017858
4697,7,A10_minus_A00,256,512,256,-0.6464564103158883,-0.0025252203527964387,-0.0008256148279896402,0.04448186789276107
4697,7,A10_minus_A00,512,783,271,-2.3205999947450877,-0.00856309961160549,-0.0029637292397766126,0.032785310581747294
3921,2,A10_minus_A00,0,128,128,-0.0005381266221965657,-4.20411423591067e-06,-6.872626081693049e-07,0.0007038148476650414
3921,2,A10_minus_A00,128,256,128,0.4001090602206063,0.003125852032973487,0.0005109949683532648,0.017102120797445552
3921,2,A10_minus_A00,256,512,256,0.14964075008009348,0.0005845341800003651,0.00019111206906780777,0.03299312533010809
3921,2,A10_minus_A00,512,783,271,1.9242228801957273,0.007100453432456558,0.00245750048556287,0.042632494191900384
6374,1,A10_minus_A00,0,128,128,-0.02553483175349837,-0.000199490873074206,-3.261153480651133e-05,0.0022592326673135034
6374,1,A10_minus_A00,128,256,128,-0.34914367497099974,-0.0027276849607109355,-0.0004459050765913151,0.0029765014687229527
6374,1,A10_minus_A00,256,512,256,0.2946522578644657,0.0011509853822830691,0.0003763119512956139,0.0030740322944054765
6374,1,A10_minus_A00,512,783,271,0.8744775750866143,0.003226854520614813,0.001116829597811768,0.005045291297025696
3337,2,A10_minus_A00,0,128,128,-0.5128370024526641,-0.004006539081661438,-0.0006549642432345646,0.008079390891243635
3337,2,A10_minus_A00,128,256,128,-5.070746535206365,-0.03961520730629973,-0.006476049214822944,0.07051435389972088
3337,2,A10_minus_A00,256,512,256,-2.9727177696094835,-0.011612178787537045,-0.0037965744184029165,0.05068253069526756
3337,2,A10_minus_A00,512,783,271,1.255182857869722,0.004631671062249897,0.0016030432412129272,0.017431337844819386
9509,1,A10_minus_A00,0,128,128,0.0015050098070387434,1.1757889117490183e-05,1.9221070332551003e-06,3.529002680513557e-05
9509,1,A10_minus_A00,128,256,128,1.8033375522368058,0.014088574626850045,0.002303113093533596,0.0221691633112787
9509,1,A10_minus_A00,256,512,256,1.059315503155358,0.004137951184200617,0.001352893362905949,0.016344991675457915
9509,1,A10_minus_A00,512,783,271,-0.3743541104532671,-0.0013813804813773694,-0.000478102312200852,0.012634190352181452
7163,2,A10_minus_A00,0,128,128,0.023952436992452315,0.0001871284140035337,3.0590596414370775e-05,0.0014391209908539207
7163,2,A10_minus_A00,128,256,128,2.2152392786300243,0.017306556864297065,0.0028291689382248077,0.025340924108107288
7163,2,A10_minus_A00,256,512,256,2.73976784444564,0.010702218142365782,0.003499064935435045,0.04972722431697986
7163,2,A10_minus_A00,512,783,271,3.7042635571184084,0.013668869214459072,0.004730860226204864,0.028586522901088814
895,0,A10_minus_A00,0,128,128,0.09397951829582274,0.0007342149866861152,0.00012002492758087195,0.0018131699278657006
895,0,A10_minus_A00,128,256,128,0.5400049410117063,0.004218788601653955,0.0006896614827735712,0.009891715192190575
895,0,A10_minus_A00,256,512,256,1.8748270541409802,0.007323543180238204,0.002394415139388225,0.026638870058035002
895,0,A10_minus_A00,512,783,271,-10.271002821162137,-0.037900379413882426,-0.013117500410168757,0.055004941965815596
192,0,A10_minus_A00,0,128,128,0.0015050098070387434,1.1757889117490183e-05,1.9221070332551003e-06,3.529002680513557e-05
192,0,A10_minus_A00,128,256,128,0.19993406962384758,0.0015619849189363092,0.00025534363936634426,0.020075096527691412
192,0,A10_minus_A00,256,512,256,5.578502204459653,0.02179102423617052,0.00712452388819879,0.0679592155763952
192,0,A10_minus_A00,512,783,271,3.4460798963984987,0.012716161979330254,0.004401123750189653,0.041871244704641736
9650,7,A10_minus_A00,0,128,128,0.0015050098070387434,1.1757889117490183e-05,1.9221070332551003e-06,3.529002680513557e-05
9650,7,A10_minus_A00,128,256,128,-0.14494143230294537,-0.0011323549398667607,-0.00018511038608294428,0.0063344842307536744
9650,7,A10_minus_A00,256,512,256,-4.6385451946247365,-0.018119317166502877,-0.005924067936940915,0.045755675729405476
9650,7,A10_minus_A00,512,783,271,1.1264099742335438,0.004156494369865475,0.0014385823425715758,0.018038494363527637
3233,4,A10_minus_A00,0,128,128,0.0015050098070387434,1.1757889117490183e-05,1.9221070332551003e-06,3.529002680513557e-05
3233,4,A10_minus_A00,128,256,128,-0.4994019507494294,-0.003901577740229917,-0.0006378058119405228,0.010385835421639882
3233,4,A10_minus_A00,256,512,256,-4.010155265216725,-0.015664669004752833,-0.0051215265200724456,0.03422021645017649
3233,4,A10_minus_A00,512,783,271,1.305280149122871,0.00481653191558255,0.0016670244560956207,0.01405949050171239
7198,8,A10_minus_A00,0,128,128,0.0015050098070387434,1.1757889117490183e-05,1.9221070332551003e-06,3.529002680513557e-05
7198,8,A10_minus_A00,128,256,128,0.14846171834212657,0.0011598571745478638,0.00018960628140756905,0.0090200451597927
7198,8,A10_minus_A00,256,512,256,-0.2491887920445799,-0.0009733937189241402,-0.00031824877655757327,0.02315532560295587
7198,8,A10_minus_A00,512,783,271,0.6824728860367226,0.002518350132976836,0.0008716128812729535,0.023744805224527755
2130,4,A10_minus_A00,0,128,128,0.0015050098070387434,1.1757889117490183e-05,1.9221070332551003e-06,3.529002680513557e-05
2130,4,A10_minus_A00,128,256,128,-0.4601955229113801,-0.003595277522745157,-0.0005877337457361176,0.00783895795019366
2130,4,A10_minus_A00,256,512,256,-0.7650905685826573,-0.0029886350335260052,-0.000977127162940814,0.034630085735417884
2130,4,A10_minus_A00,512,783,271,4.1041000593757335,0.015144280661903075,0.005241507100096722,0.03713039099385771
3500,4,A10_minus_A00,0,128,128,0.0015050098070387434,1.1757889117490183e-05,1.9221070332551003e-06,3.529002680513557e-05
3500,4,A10_minus_A00,128,256,128,-1.4283782453996505,-0.01115920504218477,-0.0018242378613022357,0.01640608282003398
3500,4,A10_minus_A00,256,512,256,-0.325568316938777,-0.0012717512380420978,-0.00041579606250163095,0.030153737756176233
3500,4,A10_minus_A00,512,783,271,-8.880428124255573,-0.03276910746957776,-0.011341542942855137,0.05382323740407645
3875,4,A10_minus_A00,0,128,128,0.0015050098070387434,1.1757889117490183e-05,1.9221070332551003e-06,3.529002680513557e-05
3875,4,A10_minus_A00,128,256,128,0.33251019427165335,0.0025977358927472918,0.0004246618062217795,0.019363951469405855
3875,4,A10_minus_A00,256,512,256,3.9703307407431616,0.015509104456027975,0.005070665058420385,0.05663599105532045
3875,4,A10_minus_A00,512,783,271,2.5420938979703878,0.009380420287713609,0.0032466077879570723,0.050155287197392026
3861,9,A10_minus_A00,0,128,128,0.0015050098070387434,1.1757889117490183e-05,1.9221070332551003e-06,3.529002680513557e-05
3861,9,A10_minus_A00,128,256,128,0.4699997985190272,0.0036718734259299,0.0006002551705223847,0.016440280132473128
3861,9,A10_minus_A00,256,512,256,3.679101439952758,0.01437148999981546,0.004698724699811951,0.04226220561522787
3861,9,A10_minus_A00,512,783,271,-0.46881507625641694,-0.0017299449308354868,-0.0005987421152700089,0.019611791423479994
6871,7,A10_minus_A00,0,128,128,0.0015050098070387434,1.1757889117490183e-05,1.9221070332551003e-06,3.529002680513557e-05
6871,7,A10_minus_A00,128,256,128,0.0090405490655881,7.062928957490703e-05,1.1546039675080586e-05,0.009237685013720295
6871,7,A10_minus_A00,256,512,256,0.4589339661147831,0.0017927108051358715,0.0005861225620878456,0.012887042809604204
6871,7,A10_minus_A00,512,783,271,-3.2325948178853703,-0.011928394161938636,-0.004128473586060498,0.01957382290509713
6116,3,A01_minus_A00,0,128,128,0.011483182916234971,8.971236653308571e-05,1.4665623136953986e-05,8.976304863383931e-05
6116,3,A01_minus_A00,128,256,128,0.519005202645048,0.004054728145664438,0.0006628418935441227,0.009129596385375026
6116,3,A01_minus_A00,256,512,256,-0.2216669252216923,-0.0008658864266472355,-0.00028309952135592884,0.0252750441065552
6116,3,A01_minus_A00,512,783,271,-4.497409541642732,-0.016595607164733326,-0.0057438180608464,0.03499749521617655
8068,1,A01_minus_A00,0,128,128,0.011483182916234971,8.971236653308571e-05,1.4665623136953986e-05,8.976304863383931e-05
8068,1,A01_minus_A00,128,256,128,-1.155485350168621,-0.009027229298192352,-0.0014757156451706526,0.017095681339816027
8068,1,A01_minus_A00,256,512,256,-0.047758697971909764,-0.00018655741395277251,-6.0994505711251296e-05,0.010306977662188757
8068,1,A01_minus_A00,512,783,271,1.6603412369303705,0.006126720431477382,0.00212048689263138,0.01796384962222178
5732,1,A01_minus_A00,0,128,128,0.011483182916234971,8.971236653308571e-05,1.4665623136953986e-05,8.976304863383931e-05
5732,1,A01_minus_A00,128,256,128,-0.031770085547721816,-0.0002482037933415767,-4.057482190002786e-05,0.0016514966990489356
5732,1,A01_minus_A00,256,512,256,0.7169764833372378,0.0028006893880360853,0.0009156787782084774,0.006316620118350085
5732,1,A01_minus_A00,512,783,271,3.559379020831425,0.01313423992926725,0.004545822504254693,0.03545378621942548
9178,6,A01_minus_A00,0,128,128,-0.036362217997172847,-0.00028407982810291286,-4.6439614300348464e-05,0.0018500583608525127
9178,6,A01_minus_A00,128,256,128,0.08196014491514697,0.0006403136321495857,0.00010467451457873177,0.008282907027150834
9178,6,A01_minus_A00,256,512,256,0.48373932965473077,0.001889606756463792,0.0006178024644377149,0.03301941669497309
9178,6,A01_minus_A00,512,783,271,-0.3449579519948573,-0.0012729075719367427,-0.00044055932566393016,0.01905371163518665
4220,3,A01_minus_A00,0,128,128,0.011483182916234971,8.971236653308571e-05,1.4665623136953986e-05,8.976304863383931e-05
4220,3,A01_minus_A00,128,256,128,0.19773162278550352,0.0015447783030117462,0.0002525308081551769,0.007961607665893707
4220,3,A01_minus_A00,256,512,256,2.1418098983235057,0.008366444915326194,0.0027353893976034553,0.019675387304785876
4220,3,A01_minus_A00,512,783,271,4.197662555442801,0.015489529724881186,0.005360999432238571,0.03126041035148067
5609,6,A01_minus_A00,0,128,128,-0.04732625459185598,-0.00036973636399887484,-6.044221531526945e-05,0.003165134784618515
5609,6,A01_minus_A00,128,256,128,0.31225710443863786,0.0024395086284268582,0.00039879579110937145,0.01708290424778072
5609,6,A01_minus_A00,256,512,256,4.366642979732817,0.017057199139581317,0.005576810957513176,0.05359306139690684
5609,6,A01_minus_A00,512,783,271,1.7113327515488255,0.006314881002025186,0.0021856101552347705,0.022505037028270846
2878,1,A01_minus_A00,0,128,128,-0.052479945900405466,-0.0004099995773469177,-6.702419655224197e-05,0.0006236841289990381
2878,1,A01_minus_A00,128,256,128,0.07034860235893198,0.0005495984559291561,8.984495831281223e-05,0.007425955251252985
2878,1,A01_minus_A00,256,512,256,0.1702064644075341,0.00066486900159193,0.0002173773491794816,0.0047042468058238
2878,1,A01_minus_A00,512,783,271,0.6445709346752914,0.002378490533857164,0.0008232068131229775,0.008692246709431462
2000,6,A01_minus_A00,0,128,128,0.0008521359631992881,6.657312212494438e-06,1.0882962492966643e-06,0.0012267693450720007
2000,6,A01_minus_A00,128,256,128,0.29159560249321315,0.0022780906444782277,0.00037240817687511255,0.0045427635751120864
2000,6,A01_minus_A00,256,512,256,-0.3674262234233454,-0.001435258685247443,-0.000469254436045141,0.014887850488320845
2000,6,A01_minus_A00,512,783,271,-0.9058442463470491,-0.003342598695007561,-0.0011568892035083642,0.01260512562982611
1916,6,A01_minus_A00,0,128,128,-0.08328526874372812,-0.0006506661620603759,-0.00010636688217589798,0.0009200820341655855
1916,6,A01_minus_A00,128,256,128,-0.04638620698213643,-0.00036239224204794084,-5.924164365534665e-05,0.0032375872401053394
1916,6,A01_minus_A00,256,512,256,0.008927351209963685,3.4872465663920646e-05,1.1401470255381462e-05,0.007809071288948755
1916,6,A01_minus_A00,512,783,271,-0.6689049898334695,-0.0024682840953264558,-0.000854284789059348,0.00404067137299918
1722,2,A01_minus_A00,0,128,128,0.011483182916234971,8.971236653308571e-05,1.4665623136953986e-05,8.976304863383931e-05
1722,2,A01_minus_A00,128,256,128,0.11548629463405025,0.0009022366768285175,0.0001474920748838445,0.014946921522053909
1722,2,A01_minus_A00,256,512,256,2.7925068200155145,0.010908229765685604,0.0035664199489342458,0.05085770959876391
1722,2,A01_minus_A00,512,783,271,11.234852951636782,0.04145702196175934,0.014348471202601253,0.052054360882895084
9365,3,A01_minus_A00,0,128,128,-0.02177402184970526,-0.00017010954570082233,-2.7808457023889218e-05,0.0016713382540076897
9365,3,A01_minus_A00,128,256,128,0.5272483824320673,0.004119127987750526,0.0006733695816501498,0.007946250105320057
9365,3,A01_minus_A00,256,512,256,0.7542294027019789,0.002946208604304605,0.0009632559421481212,0.020869131619710955
9365,3,A01_minus_A00,512,783,271,0.8426432248085715,0.0031093845933895625,0.0010761727009049443,0.015663206388003132
8228,0,A01_minus_A00,0,128,128,0.011483182916234971,8.971236653308571e-05,1.4665623136953986e-05,8.976304863383931e-05
8228,0,A01_minus_A00,128,256,128,0.462716101000762,0.003614969539068453,0.0005909528748413307,0.016779776371583427
8228,0,A01_minus_A00,256,512,256,-1.30906797315307,-0.00511354677012918,-0.0016718620346782504,0.05520329972836392
8228,0,A01_minus_A00,512,783,271,-0.6886081448736414,-0.0025409894644783815,-0.0008794484608858767,0.03139536084538508
9961,6,A01_minus_A00,0,128,128,0.00532431799731457,4.1596234354020076e-05,6.799895271155261e-06,0.0014484211674589543
9961,6,A01_minus_A00,128,256,128,0.2236524574334069,0.0017472848236984913,0.0002856353223926014,0.0037787401772988987
9961,6,A01_minus_A00,256,512,256,-0.05242548226300359,-0.00020478704008985776,-6.695463890549628e-05,0.02198366216570005
9961,6,A01_minus_A00,512,783,271,-0.46552319771552286,-0.0017177977775480549,-0.0005945379281168874,0.012493209442474885
6707,6,A01_minus_A00,0,128,128,-0.17939399211706586,-0.001401515563414577,-0.00022911110104350684,0.002372193762054055
6707,6,A01_minus_A00,128,256,128,0.20450762970475672,0.0015977158570684119,0.0002611847122666114,0.007641853493940475
6707,6,A01_minus_A00,256,512,256,2.259482260000145,0.008826102578125567,0.002885673384419087,0.03542676521046644
6707,6,A01_minus_A00,512,783,271,0.39567319613165636,0.0014600486942127542,0.0005053297524031371,0.015898041661681198
6680,1,A01_minus_A00,0,128,128,0.011483182916234971,8.971236653308571e-05,1.4665623136953986e-05,8.976304863383931e-05
6680,1,A01_minus_A00,128,256,128,-0.32647650835722974,-0.0025505977215408574,-0.0004169559493706638,0.008795097635577915
6680,1,A01_minus_A00,256,512,256,-0.16241421978417503,-0.0006344305460319337,-0.0002074255680513091,0.01237740127822548
6680,1,A01_minus_A00,512,783,271,-0.5624344351509464,-0.0020754038197451897,-0.0007183070691582968,0.02434272170223077
144,7,A01_minus_A00,0,128,128,0.011483182916234971,8.971236653308571e-05,1.4665623136953986e-05,8.976304863383931e-05
144,7,A01_minus_A00,128,256,128,0.3687295547007423,0.0028806996460995493,0.0004709189715207437,0.006166841325117689
144,7,A01_minus_A00,256,512,256,2.714887984806364,0.01060503119064986,0.0034672898911958672,0.01837321342470027
144,7,A01_minus_A00,512,783,271,-0.3333933666261117,-0.001230233825188604,-0.0004257897402632333,0.01973398101253526
4697,7,A01_minus_A00,0,128,128,0.011483182916234971,8.971236653308571e-05,1.4665623136953986e-05,8.976304863383931e-05
4697,7,A01_minus_A00,128,256,128,-0.3173523347587027,-0.002479315115302365,-0.0004053031095258017,0.01602867525562831
4697,7,A01_minus_A00,256,512,256,3.288576492641437,0.012846001924380613,0.004199969977830699,0.026476545087998696
4697,7,A01_minus_A00,512,783,271,1.6547511779410062,0.006106092907531388,0.002113347609120059,0.021981863477971472
3921,2,A01_minus_A00,0,128,128,0.052165046490390894,0.00040753942570617886,6.66220261690816e-05,0.000684161868068817
3921,2,A01_minus_A00,128,256,128,0.08937923525571176,0.0006982752754352481,0.00011414972574164975,0.013823107221482805
3921,2,A01_minus_A00,256,512,256,0.8595921379105917,0.003357781788713249,0.0010978188223634633,0.02545954192627398
3921,2,A01_minus_A00,512,783,271,4.040997514820528,0.014911429943987189,0.005160916366309743,0.043036156647254305
6374,1,A01_minus_A00,0,128,128,-0.027185611121000035,-0.00021238758688281277,-3.471980986079187e-05,0.0003513595359522257
6374,1,A01_minus_A00,128,256,128,-0.032974310050237945,-0.00025761179726748395,-4.211278422763467e-05,0.0004419798184272084
6374,1,A01_minus_A00,256,512,256,-0.2071340353606187,-0.0008091173256274168,-0.00026453899790628184,0.0020221654884382298
6374,1,A01_minus_A00,512,783,271,0.12918143055529713,0.0004766842455915023,0.00016498266993013682,0.002779702143116577
3337,2,A01_minus_A00,0,128,128,-0.3352468841850237,-0.0026191162826954975,-0.0004281569402107582,0.0040622145874329735
3337,2,A01_minus_A00,128,256,128,-3.1567626660131753,-0.024662208328227932,-0.004031625371664336,0.042108618532892314
3337,2,A01_minus_A00,256,512,256,3.964761344423867,0.01548734900165573,0.0050635521640151554,0.02947730616328423
3337,2,A01_minus_A00,512,783,271,1.4139198809417262,0.005217416534840318,0.0018057725171669555,0.018244354656746214
9509,1,A01_minus_A00,0,128,128,0.011483182916234971,8.971236653308571e-05,1.4665623136953986e-05,8.976304863383931e-05
9509,1,A01_minus_A00,128,256,128,4.23852181575559,0.033113451685590545,0.0054131823956010084,0.035935880782814025
9509,1,A01_minus_A00,256,512,256,0.4826849407301602,0.0018854880497271883,0.0006164558630014817,0.018577278155702204
9509,1,A01_minus_A00,512,783,271,1.915892150155541,0.007069712731201258,0.002446860983595838,0.012564861882507763
7163,2,A01_minus_A00,0,128,128,-0.0756119413981936,-0.0005907182921733875,-9.65669749657645e-05,0.0008167756154134381
7163,2,A01_minus_A00,128,256,128,0.19499297472121996,0.001523382615009531,0.0002490331733348914,0.005450484600763565
7163,2,A01_minus_A00,256,512,256,-0.7305580197976744,-0.0028537422648346657,-0.0009330242909293416,0.032433350856161336
7163,2,A01_minus_A00,512,783,271,0.5272821427386312,0.0019456905636111852,0.0006734126982613425,0.011106291884830765
895,0,A01_minus_A00,0,128,128,0.02648843740914285,0.00020694091725892853,3.382942197847108e-05,0.0015481812012070593
895,0,A01_minus_A00,128,256,128,-0.26379157488649607,-0.0020608716788007506,-0.00033689856307343046,0.006956976602864178
895,0,A01_minus_A00,256,512,256,0.3138108775453554,0.0012258237404115446,0.00040078017566456633,0.01686893575257916
895,0,A01_minus_A00,512,783,271,-2.371389518313161,-0.008750514827723842,-0.003028594531689861,0.034588890691540454
192,0,A01_minus_A00,0,128,128,0.011483182916234971,8.971236653308571e-05,1.4665623136953986e-05,8.976304863383931e-05
192,0,A01_minus_A00,128,256,128,0.4673461574511319,0.003651141855086968,0.0005968661014701557,0.02106903555766284
192,0,A01_minus_A00,256,512,256,1.3425190885821778,0.005244215189774132,0.001714583765749908,0.03677629583954912
192,0,A01_minus_A00,512,783,271,3.2397136785200753,0.011954663020369282,0.0041375653620946045,0.03263563093574514
9650,7,A01_minus_A00,0,128,128,0.011483182916234971,8.971236653308571e-05,1.4665623136953986e-05,8.976304863383931e-05
9650,7,A01_minus_A00,128,256,128,0.22507613271692584,0.001758407286850983,0.0002874535539168912,0.008582258637135576
9650,7,A01_minus_A00,256,512,256,0.9457127111747439,0.0036941902780263432,0.0012078067831095068,0.03758518029472969
9650,7,A01_minus_A00,512,783,271,3.340661476235983,0.012327164118951966,0.004266489752536377,0.026486613193897977
3233,4,A01_minus_A00,0,128,128,0.011483182916234971,8.971236653308571e-05,1.4665623136953986e-05,8.976304863383931e-05
3233,4,A01_minus_A00,128,256,128,0.623930938247593,0.004874460455059321,0.0007968466644285991,0.010001413410964775
3233,4,A01_minus_A00,256,512,256,1.4817685419080489,0.005788158366828316,0.00189242470230913,0.023639583684218646
3233,4,A01_minus_A00,512,783,271,1.4457238661867786,0.005334774413973353,0.0018463906336995896,0.014976975475411734
7198,8,A01_minus_A00,0,128,128,0.011483182916234971,8.971236653308571e-05,1.4665623136953986e-05,8.976304863383931e-05
7198,8,A01_minus_A00,128,256,128,0.29888644404148246,0.0023350503440740817,0.0003817195964769891,0.010461082100910804
7198,8,A01_minus_A00,256,512,256,0.45025623648631175,0.0017588134237746553,0.0005750398933413943,0.022586972560719266
7198,8,A01_minus_A00,512,783,271,-1.5877957287353621,-0.005859024829281779,-0.0020278361797386488,0.02740373282740445
2130,4,A01_minus_A00,0,128,128,0.011483182916234971,8.971236653308571e-05,1.4665623136953986e-05,8.976304863383931e-05
2130,4,A01_minus_A00,128,256,128,0.21352959445336372,0.001668199956666904,0.00027270701718181827,0.006947174886043596
2130,4,A01_minus_A00,256,512,256,-3.0539574598803365,-0.011929521327657564,-0.0039003288121077094,0.03335459146427338
2130,4,A01_minus_A00,512,783,271,-0.14788057232346885,-0.0005456847687212873,-0.00018886407704146724,0.019933824548141986
3500,4,A01_minus_A00,0,128,128,0.011483182916234971,8.971236653308571e-05,1.4665623136953986e-05,8.976304863383931e-05
3500,4,A01_minus_A00,128,256,128,-0.8552255758384749,-0.006681449811238085,-0.0010922421147362387,0.010518894244386522
3500,4,A01_minus_A00,256,512,256,3.6442036776797995,0.014235170615936717,0.0046541553993356315,0.0214061097287614
3500,4,A01_minus_A00,512,783,271,1.2325879682872642,0.004548295085930865,0.0015741864218228152,0.0322373658032865
3875,4,A01_minus_A00,0,128,128,0.011483182916234971,8.971236653308571e-05,1.4665623136953986e-05,8.976304863383931e-05
3875,4,A01_minus_A00,128,256,128,1.2340765336003758,0.009641222918752936,0.0015760875269481172,0.021786442575052946
3875,4,A01_minus_A00,256,512,256,-1.3481534844443295,-0.005266224548610662,-0.0017217796736198332,0.03105357723075544
3875,4,A01_minus_A00,512,783,271,-0.17543806335417456,-0.0006473729275061792,-0.00022405882931567631,0.01858097956645352
3861,9,A01_minus_A00,0,128,128,0.011483182916234971,8.971236653308571e-05,1.4665623136953986e-05,8.976304863383931e-05
3861,9,A01_minus_A00,128,256,128,0.10987178138562421,0.0008583732920751892,0.00014032155987946899,0.009084278454375351
3861,9,A01_minus_A00,256,512,256,-3.365647006021073,-0.013147058617269817,-0.004298399752261907,0.03758657488766264
3861,9,A01_minus_A00,512,783,271,2.3329192771975817,0.00860855821844126,0.0029794626784132587,0.01851699244555485
6871,7,A01_minus_A00,0,128,128,0.011483182916234971,8.971236653308571e-05,1.4665623136953986e-05,8.976304863383931e-05
6871,7,A01_minus_A00,128,256,128,0.10269649234161626,0.0008023163464188771,0.00013115771691138732,0.012035315441910884
6871,7,A01_minus_A00,256,512,256,0.45521654228477226,0.0017781896182998917,0.0005813748943611396,0.012861177479887652
6871,7,A01_minus_A00,512,783,271,7.468418666508417,0.027558740466820726,0.009538210302054173,0.033042250278496534
6116,3,A11_minus_A00,0,128,128,0.01342206936144324,0.00010485991688627531,1.7141851036325976e-05,0.00010576844119012342
6116,3,A11_minus_A00,128,256,128,0.3296162983672375,0.002575127330994043,0.00042096589829787676,0.013369060962960139
6116,3,A11_minus_A00,256,512,256,0.06973320997981958,0.0002723953514836702,8.90590165770365e-05,0.03864520899528602
6116,3,A11_minus_A00,512,783,271,5.522194934887576,0.020377103080765964,0.007052611666523085,0.10827248203319098
8068,1,A11_minus_A00,0,128,128,0.01342206936144324,0.00010485991688627531,1.7141851036325976e-05,0.00010576844119012342
8068,1,A11_minus_A00,128,256,128,-4.041166389536794,-0.031571612418256206,-0.005161132042831155,0.042787836286120304
8068,1,A11_minus_A00,256,512,256,2.960416997912817,0.011564128898096942,0.0037808646205783106,0.03181477872683813
8068,1,A11_minus_A00,512,783,271,3.369560243278776,0.012433801635715041,0.004303397500994606,0.041207187179674046
5732,1,A11_minus_A00,0,128,128,0.01342206936144324,0.00010485991688627531,1.7141851036325976e-05,0.00010576844119012342
5732,1,A11_minus_A00,128,256,128,1.3481619841209163,0.010532515500944658,0.001721790528890059,0.01216369344936191
5732,1,A11_minus_A00,256,512,256,8.081560294542385,0.03156859490055619,0.010321277515379802,0.03556464419294738
5732,1,A11_minus_A00,512,783,271,15.230445797337007,0.05620090700124357,0.019451399485743304,0.07603653303474561
9178,6,A11_minus_A00,0,128,128,-0.038540128975253045,-0.0003010947576191644,-4.9221109802366596e-05,0.004131291269107369
9178,6,A11_minus_A00,128,256,128,-0.031837740032668434,-0.00024873234400522214,-4.0661226095361985e-05,0.008730758075794865
9178,6,A11_minus_A00,256,512,256,-1.6532632134037968,-0.006458059427358581,-0.002111447271269217,0.07037773038444053
9178,6,A11_minus_A00,512,783,271,1.281559271580137,0.004729001002140727,0.0016367295933335082,0.044464639554331456
4220,3,A11_minus_A00,0,128,128,0.01342206936144324,0.00010485991688627531,1.7141851036325976e-05,0.00010576844119012342
4220,3,A11_minus_A00,128,256,128,-0.43287364552525576,-0.0033818253556660606,-0.0005528399048853841,0.02489677372354759
4220,3,A11_minus_A00,256,512,256,3.4061172283197996,0.013305145423124217,0.004350085859923115,0.04428822409680737
4220,3,A11_minus_A00,512,783,271,12.457669240009485,0.045969259188226884,0.01591017782887546,0.08541642134676497
5609,6,A11_minus_A00,0,128,128,0.11241721387694802,0.0008782594834136564,0.00014357243151589784,0.006873882334808908
5609,6,A11_minus_A00,128,256,128,0.33291538623843486,0.0026009014549877724,0.0004251792927693932,0.03152088567671707
5609,6,A11_minus_A00,256,512,256,1.5999251245387567,0.006249707517729518,0.0020433271066906213,0.09027828819333739
5609,6,A11_minus_A00,512,783,271,4.722766400080273,0.017427182288119087,0.006031630140587833,0.04689866402794932
2878,1,A11_minus_A00,0,128,128,0.14438335983560277,0.0011279949987156466,0.00018439764985389882,0.0011289035230194946
2878,1,A11_minus_A00,128,256,128,0.4082716670011521,0.0031896223984465006,0.0005214197535136042,0.011552311482616338
2878,1,A11_minus_A00,256,512,256,-1.5800135619989724,-0.006171927976558486,-0.0020178972694750606,0.009107988256068516
2878,1,A11_minus_A00,512,783,271,0.08581218561408821,0.00031665013141729965,0.0001095941067868304,0.012252832856469833
2000,6,A11_minus_A00,0,128,128,-0.1800024796436907,-0.0014062693722163336,-0.00022988822432144408,0.0029924645734955443
2000,6,A11_minus_A00,128,256,128,0.05689131454438519,0.0004444633948780093,7.265812840917649e-05,0.004483948657263505
2000,6,A11_minus_A00,256,512,256,-1.0091220122474023,-0.003941882860341415,-0.001288789287672289,0.02192905773307612
2000,6,A11_minus_A00,512,783,271,-0.8009349047068457,-0.0029554793531617924,-0.0010229053699959715,0.014892284581941828
1916,6,A11_minus_A00,0,128,128,-0.018060459908870764,-0.00014109734303805285,-2.30657214672679e-05,0.0017947031048524368
1916,6,A11_minus_A00,128,256,128,0.5146969674123142,0.004021070057908705,0.000657339677410363,0.008873121778243058
1916,6,A11_minus_A00,256,512,256,1.707377589201756,0.006669443707819359,0.002180558862326636,0.015847483765142494
1916,6,A11_minus_A00,512,783,271,-1.044559674713391,-0.003854463744329856,-0.0013340481158536283,0.008496497486506997
1722,2,A11_minus_A00,0,128,128,0.01342206936144324,0.00010485991688627531,1.7141851036325976e-05,0.00010576844119012342
1722,2,A11_minus_A00,128,256,128,1.8059082179527015,0.01410865795275548,0.0023063961915104746,0.02571138395121409
1722,2,A11_minus_A00,256,512,256,2.904026168143755,0.011343852219311543,0.003708845680898793,0.07827860640074516
1722,2,A11_minus_A00,512,783,271,4.029308595819501,0.014868297401547973,0.005145987989552364,0.04046022568562542
9365,3,A11_minus_A00,0,128,128,0.030894492215621135,0.00024136322043454011,3.9456567325186635e-05,0.003484229983586527
9365,3,A11_minus_A00,128,256,128,0.6965612662939271,0.005441884892921306,0.0008896057040790895,0.015400718895363836
9365,3,A11_minus_A00,256,512,256,2.451220194108993,0.009575078883238254,0.0031305494177637206,0.03420486801640115
9365,3,A11_minus_A00,512,783,271,0.9470161834424458,0.003494524662149246,0.001209471498649356,0.024851906544677255
8228,0,A11_minus_A00,0,128,128,0.01342206936144324,0.00010485991688627531,1.7141851036325976e-05,0.00010576844119012342
8228,0,A11_minus_A00,128,256,128,0.006465174134655721,5.050917292699782e-05,8.256927375039236e-06,0.02317273588194354
8228,0,A11_minus_A00,256,512,256,1.9163971428754554,0.0074859263393572475,0.002447505929598283,0.09852500441271084
8228,0,A11_minus_A00,512,783,271,3.355139879084887,0.01238058995972283,0.004284980688486446,0.0854907323308868
9961,6,A11_minus_A00,0,128,128,0.11105602075626696,0.0008676251621583356,0.00014183399841157977,0.002139772356599859
9961,6,A11_minus_A00,128,256,128,0.032889734398664314,0.00025695104998956495,4.200476934695315e-05,0.004897876567508477
9961,6,A11_minus_A00,256,512,256,1.7599995846047802,0.006874998377362423,0.002247764475868174,0.036355119282152785
9961,6,A11_minus_A00,512,783,271,0.7155524488493609,0.0026404149404035456,0.0009138600879302182,0.03097357100437772
6707,6,A11_minus_A00,0,128,128,-0.013835493015445573,-0.00010808978918316854,-1.766985059443879e-05,0.0028957528089087405
6707,6,A11_minus_A00,128,256,128,-0.4514723514626298,-0.0035271277458017954,-0.0005765930414592974,0.013590821624835395
6707,6,A11_minus_A00,256,512,256,1.5039288052599509,0.005874721895546683,0.0019207264434992987,0.04969970990406497
6707,6,A11_minus_A00,512,783,271,2.232399258230959,0.00823763563922863,0.0028510846209846216,0.026676595661389583
6680,1,A11_minus_A00,0,128,128,0.01342206936144324,0.00010485991688627531,1.7141851036325976e-05,0.00010576844119012342
6680,1,A11_minus_A00,128,256,128,-0.6040063178818071,-0.004718799358451618,-0.0007714001505514779,0.012017400013273718
6680,1,A11_minus_A00,256,512,256,1.6588645668424682,0.006479939714228391,0.0021186009793645825,0.020151816417338063
6680,1,A11_minus_A00,512,783,271,1.5598383007649907,0.0057558608884317,0.001992130652317996,0.02157725645201334
144,7,A11_minus_A00,0,128,128,0.01342206936144324,0.00010485991688627531,1.7141851036325976e-05,0.00010576844119012342
144,7,A11_minus_A00,128,256,128,1.7766564387366939,0.013880128427630421,0.002269037597364871,0.022711484035424497
144,7,A11_minus_A00,256,512,256,-3.006961547760724,-0.011745943545940328,-0.003840308490115867,0.07311263552630579
144,7,A11_minus_A00,512,783,271,-1.9515970177487223,-0.007201465010142886,-0.00249246106992174,0.06215373240408805
4697,7,A11_minus_A00,0,128,128,0.01342206936144324,0.00010485991688627531,1.7141851036325976e-05,0.00010576844119012342
4697,7,A11_minus_A00,128,256,128,-0.7222367056592427,-0.0056424742629628336,-0.0009223968143796203,0.019394839417705586
4697,7,A11_minus_A00,256,512,256,2.437035306785441,0.009519669167130628,0.003112433341999286,0.05237016505407125
4697,7,A11_minus_A00,512,783,271,0.9529150669448729,0.0035162917599441804,0.0012170051940547546,0.04767573623979536
3921,2,A11_minus_A00,0,128,128,0.04749060666377607,0.0003710203645607505,6.0652115790263175e-05,0.0011077070105293527
3921,2,A11_minus_A00,128,256,128,0.2298965684648634,0.0017960669411317453,0.0002936099214110644,0.026007041258210094
3921,2,A11_minus_A00,256,512,256,1.7592291289578,0.006871988784991406,0.0022467804967532565,0.0483799275744528
3921,2,A11_minus_A00,512,783,271,5.588528007055498,0.020621874564780433,0.007137328233787353,0.06358944147977456
6374,1,A11_minus_A00,0,128,128,-0.04072879263887805,-0.00031819369249123475,-5.2016337980687164e-05,0.0023862186038643794
6374,1,A11_minus_A00,128,256,128,-0.3735175565826777,-0.0029181059108021696,-0.00047703391645297283,0.0029333005860035693
6374,1,A11_minus_A00,256,512,256,0.09707965844622196,0.00037921741580555454,0.0001239842381177803,0.004343652496418748
6374,1,A11_minus_A00,512,783,271,1.058514127682749,0.003905956190711251,0.0013518698948694113,0.0068754167390688275
3337,2,A11_minus_A00,0,128,128,-0.825256268521038,-0.006447314597820609,-0.0010539671373193333,0.00914896618975954
3337,2,A11_minus_A00,128,256,128,-5.8881196882663005,-0.04600093506458047,-0.007519948516304343,0.09083137435242075
3337,2,A11_minus_A00,256,512,256,3.7824721843182156,0.01477528196999303,0.004830743530419177,0.0751047135971643
3337,2,A11_minus_A00,512,783,271,8.049952574077615,0.029704622044566847,0.01028091005629325,0.04278145744725493
9509,1,A11_minus_A00,0,128,128,0.01342206936144324,0.00010485991688627531,1.7141851036325976e-05,0.00010576844119012342
9509,1,A11_minus_A00,128,256,128,6.142963836352447,0.04799190497150349,0.007845419969798782,0.051001561203870616
9509,1,A11_minus_A00,256,512,256,1.3543440250029208,0.0052904063476676595,0.001729685855687,0.022279475143893057
9509,1,A11_minus_A00,512,783,271,1.396425072792047,0.0051528600472031255,0.0017834292117395237,0.019396206724402686
7163,2,A11_minus_A00,0,128,128,-0.06383446686900855,-0.0004987067724141293,-8.152550047127529e-05,0.002068270559115898
7163,2,A11_minus_A00,128,256,128,2.447148720095273,0.01911834937574432,0.003125349578665738,0.02861017506269636
7163,2,A11_minus_A00,256,512,256,9.117575016624961,0.035615527408691255,0.01164441253719663,0.09072028414612535
7163,2,A11_minus_A00,512,783,271,9.895514326977631,0.036514813014677606,0.012637949332027627,0.05241742459285271
895,0,A11_minus_A00,0,128,128,0.1329026486665403,0.0010383019427073462,0.00016973518348217153,0.0020015827205448426
895,0,A11_minus_A00,128,256,128,0.3124513650800802,0.0024410262896881266,0.00039904388899116244,0.010046525746560559
895,0,A11_minus_A00,256,512,256,3.04494689955029,0.011894323826368321,0.0038888210722225927,0.037947954093229944
895,0,A11_minus_A00,512,783,271,-10.429943354606808,-0.038486875847257594,-0.013320489597198988,0.07309301365846561
192,0,A11_minus_A00,0,128,128,0.01342206936144324,0.00010485991688627531,1.7141851036325976e-05,0.00010576844119012342
192,0,A11_minus_A00,128,256,128,0.9636511263773555,0.00752852442482309,0.0012307166364972611,0.03188764835568758
192,0,A11_minus_A00,256,512,256,9.031370480724974,0.03527879094033193,0.011534317344476339,0.09396945217841711
192,0,A11_minus_A00,512,783,271,4.855690657362105,0.017917677702443194,0.006201392921279828,0.04894754241970428
9650,7,A11_minus_A00,0,128,128,0.01342206936144324,0.00010485991688627531,1.7141851036325976e-05,0.00010576844119012342
9650,7,A11_minus_A00,128,256,128,-0.08019318278534113,-0.0006265092405104776,-0.00010241785796339863,0.012793784024924933
9650,7,A11_minus_A00,256,512,256,-2.199979835017618,-0.00859367123053757,-0.002809680504492488,0.0574037393524445
9650,7,A11_minus_A00,512,783,271,4.495429176245361,0.016588299543340814,0.005741288858550908,0.035768934490286175
3233,4,A11_minus_A00,0,128,128,0.01342206936144324,0.00010485991688627531,1.7141851036325976e-05,0.00010576844119012342
3233,4,A11_minus_A00,128,256,128,0.19062887937714715,0.001489288120133962,0.00024345961606276774,0.015789552876745203
3233,4,A11_minus_A00,256,512,256,-2.8881271431020705,-0.011281746652742463,-0.0036885404126463226,0.0430283154271735
3233,4,A11_minus_A00,512,783,271,2.8635958221900326,0.010566774251623737,0.0036572105008812676,0.0233828284234242
7198,8,A11_minus_A00,0,128,128,0.01342206936144324,0.00010485991688627531,1.7141851036325976e-05,0.00010576844119012342
7198,8,A11_minus_A00,128,256,128,0.5052208400226361,0.003947037812676845,0.0006452373435793565,0.013013416162602513
7198,8,A11_minus_A00,256,512,256,0.5687657055847294,0.002221741037440349,0.0007263929828668319,0.029918808524197822
7198,8,A11_minus_A00,512,783,271,-0.1282373877298819,-0.0004732006927301916,-0.00016377699582360397,0.03904491215172166
2130,4,A11_minus_A00,0,128,128,0.01342206936144324,0.00010485991688627531,1.7141851036325976e-05,0.00010576844119012342
2130,4,A11_minus_A00,128,256,128,-0.259788188795679,-0.002029595224966242,-0.0003317856817313908,0.011767727463626908
2130,4,A11_minus_A00,256,512,256,-2.9850076012859397,-0.011660185942523202,-0.0038122702442987735,0.05715994982816565
2130,4,A11_minus_A00,512,783,271,6.842072519872593,0.0252475000733306,0.008738279080297054,0.06096872191640073
3500,4,A11_minus_A00,0,128,128,0.01342206936144324,0.00010485991688627531,1.7141851036325976e-05,0.00010576844119012342
3500,4,A11_minus_A00,128,256,128,-1.658243775425794,-0.012955029495514015,-0.0021178081423062502,0.020686396449160403
3500,4,A11_minus_A00,256,512,256,3.564077245935157,0.013922176741934206,0.004551822791743495,0.040313273241828186
3500,4,A11_minus_A00,512,783,271,-7.122643837146877,-0.02628281858725785,-0.009096607710276983,0.06535712657877507
3875,4,A11_minus_A00,0,128,128,0.01342206936144324,0.00010485991688627531,1.7141851036325976e-05,0.00010576844119012342
3875,4,A11_minus_A00,128,256,128,1.2552858938471567,0.009806921045680912,0.0016031748324995617,0.026633250388274344
3875,4,A11_minus_A00,256,512,256,3.562386411189996,0.013915571918710921,0.004549663360395908,0.06588906344510653
3875,4,A11_minus_A00,512,783,271,4.084264648510713,0.015071087263877169,0.00521617451917077,0.05567902551376116
3861,9,A11_minus_A00,0,128,128,0.01342206936144324,0.00010485991688627531,1.7141851036325976e-05,0.00010576844119012342
3861,9,A11_minus_A00,128,256,128,0.8570850523669022,0.006695976971616424,0.001094616925117372,0.02444662216095984
3861,9,A11_minus_A00,256,512,256,-0.2640478287982414,-0.0010314368312431305,-0.00033722583499136834,0.04749109506561317
3861,9,A11_minus_A00,512,783,271,2.2552787716143206,0.008322061887875721,0.0028803049445904477,0.02304468484743414
6871,7,A11_minus_A00,0,128,128,0.01342206936144324,0.00010485991688627531,1.7141851036325976e-05,0.00010576844119012342
6871,7,A11_minus_A00,128,256,128,0.12187716075180013,0.0009521653183734385,0.00015565410057701167,0.015187551737269303
6871,7,A11_minus_A00,256,512,256,0.46298473319068695,0.0018085341140261209,0.0005912959555436615,0.022143900977772794
6871,7,A11_minus_A00,512,783,271,5.235608346461964,0.01931958799432459,0.006686600697908,0.030553870543477184
6116,3,FP16_minus_A00,0,128,128,0.002826341260272495,2.2080791095878867e-05,3.609631239173046e-06,2.6774247251844248e-05
6116,3,FP16_minus_A00,128,256,128,0.1481407680501573,0.001157349750391854,0.0001891963832058203,0.002591036495103001
6116,3,FP16_minus_A00,256,512,256,-0.15795551363812477,-0.0006170137251489249,-0.0002017311796144633,0.004526657071581736
6116,3,FP16_minus_A00,512,783,271,-1.8300508128394357,-0.006752955028927807,-0.0023372296460273763,0.010521995426062313
8068,1,FP16_minus_A00,0,128,128,0.002826341260272495,2.2080791095878867e-05,3.609631239173046e-06,2.6774247251844248e-05
8068,1,FP16_minus_A00,128,256,128,-0.7826521095974528,-0.0061144696062301,-0.0009995556955267597,0.007442943849146927
8068,1,FP16_minus_A00,256,512,256,-0.2976296280288386,-0.0011626157344876507,-0.00038011446746978106,0.0023727479029844473
8068,1,FP16_minus_A00,512,783,271,-0.4052725182355083,-0.0014954705469944955,-0.0005175894230338548,0.0035894331603489853
5732,1,FP16_minus_A00,0,128,128,0.002826341260272495,2.2080791095878867e-05,3.609631239173046e-06,2.6774247251844248e-05
5732,1,FP16_minus_A00,128,256,128,-0.060689152331108095,-0.000474134002586782,-7.750849595288391e-05,0.0009345222510471003
5732,1,FP16_minus_A00,256,512,256,-0.10325462873259553,-0.0004033383934867013,-0.00013187053477981548,0.0014980351558542568
5732,1,FP16_minus_A00,512,783,271,-0.011246461648413662,-4.149985848123123e-05,-1.4363297124410807e-05,0.005059842724110135
9178,6,FP16_minus_A00,0,128,128,-0.013383116989300059,-0.00010455560147890671,-1.709210343461055e-05,0.0011317739569637222
9178,6,FP16_minus_A00,128,256,128,0.11299132332481823,0.0008827447134751424,0.00014430564920155586,0.0021542148890005015
9178,6,FP16_minus_A00,256,512,256,-0.10577031692085491,-0.0004131653004720895,-0.00013508341880058097,0.007328342524307174
9178,6,FP16_minus_A00,512,783,271,-0.010089042030965332,-3.722893738363591e-05,-1.288511115065815e-05,0.005509355413735058
4220,3,FP16_minus_A00,0,128,128,0.002826341260272495,2.2080791095878867e-05,3.609631239173046e-06,2.6774247251844248e-05
4220,3,FP16_minus_A00,128,256,128,0.30248085176853384,0.0023631316544416706,0.00038631015551536887,0.006149016507368027
4220,3,FP16_minus_A00,256,512,256,0.5915009832206514,0.0023105507157056694,0.0007554290973443823,0.009240044762251154
4220,3,FP16_minus_A00,512,783,271,-1.4930756081213303,-0.005509504089008599,-0.001906865399899528,0.008340977703119567
5609,6,FP16_minus_A00,0,128,128,0.01590142287737469,0.00012422986622948976,2.0308330622445325e-05,0.0008167114555459401
5609,6,FP16_minus_A00,128,256,128,0.41666678583545974,0.0032552092643395292,0.0005321414889341759,0.004816864756612501
5609,6,FP16_minus_A00,256,512,256,0.9233576309837109,0.003606865746030121,0.0011792562336956716,0.011698173512011415
5609,6,FP16_minus_A00,512,783,271,-0.01211305084942967,-4.469760461044158e-05,-1.547005217040826e-05,0.004920556387187071
2878,1,FP16_minus_A00,0,128,128,-0.03076972386757013,-0.00024038846771539163,-3.929722077595163e-05,0.0004232606458540909
2878,1,FP16_minus_A00,128,256,128,-0.04839350858042425,-0.00037807428578456447,-6.180524722914975e-05,0.0010739889104454965
2878,1,FP16_minus_A00,256,512,256,-1.1081252684603604,-0.004328614329923283,-0.0014152302279187234,0.004720490126096898
2878,1,FP16_minus_A00,512,783,271,-0.09720910069943516,-0.00035870516863260204,-0.0001241495538945532,0.0020104359383789445
2000,6,FP16_minus_A00,0,128,128,0.070095189072411,0.0005476186646282109,8.952131426872413e-05,0.001430087921845236
2000,6,FP16_minus_A00,128,256,128,-0.026459074077756686,-0.0002067115162324741,-3.37919209166752e-05,0.0014278405976965477
2000,6,FP16_minus_A00,256,512,256,-0.10750231518987294,-0.00041993091871044116,-0.00013729542169843288,0.003717944887167154
2000,6,FP16_minus_A00,512,783,271,-0.13078636620069123,-0.0004826065173457241,-0.00016703239616946516,0.002761916597577635
1916,6,FP16_minus_A00,0,128,128,-0.010938836116225488,-8.545965715801162e-05,-1.3970416495817993e-05,0.00043297411087564935
1916,6,FP16_minus_A00,128,256,128,0.037384749344819515,0.00029206835425640246,4.7745529176014705e-05,0.0004371594518137827
1916,6,FP16_minus_A00,256,512,256,0.355425160262071,0.0013883795322737148,0.00045392740774210854,0.002100119258464302
1916,6,FP16_minus_A00,512,783,271,-0.06267542752992931,-0.0002312746403318425,-8.004524588752147e-05,0.0009667332216904736
1722,2,FP16_minus_A00,0,128,128,0.002826341260272495,2.2080791095878867e-05,3.609631239173046e-06,2.6774247251844248e-05
1722,2,FP16_minus_A00,128,256,128,-0.12519378759437003,-0.0009780764655810158,-0.000159889894756539,0.002827763742759462
1722,2,FP16_minus_A00,256,512,256,0.041939890010094884,0.00016382769535193314,5.356307791838427e-05,0.0067469955802933875
1722,2,FP16_minus_A00,512,783,271,-0.46053209135833373,-0.0016993804109163605,-0.0005881635904959562,0.0039003347014323585
9365,3,FP16_minus_A00,0,128,128,0.029882598072295544,0.00023345779743980894,3.816423764022419e-05,0.0019337574046917477
9365,3,FP16_minus_A00,128,256,128,0.16104611121640916,0.0012581727438781966,0.00020567830295837696,0.002068040365686954
9365,3,FP16_minus_A00,256,512,256,0.013169989238859557,5.1445270464295145e-05,1.6819909628173125e-05,0.003338611194263904
9365,3,FP16_minus_A00,512,783,271,0.0739665015300402,0.0002729391200370487,9.446551919545364e-05,0.005606234905627086
8228,0,FP16_minus_A00,0,128,128,0.002826341260272495,2.2080791095878867e-05,3.609631239173046e-06,2.6774247251844248e-05
8228,0,FP16_minus_A00,128,256,128,-0.04126761000110067,-0.000322403203133599,-5.27044827600264e-05,0.005799818854845344
8228,0,FP16_minus_A00,256,512,256,0.34054941929197424,0.0013302711691092744,0.00043492901569856226,0.010667346176663378
8228,0,FP16_minus_A00,512,783,271,1.3478010961933222,0.004973435779311152,0.0017213296247679721,0.008604836755626429
9961,6,FP16_minus_A00,0,128,128,-0.015876644973386006,-0.00012403628885457817,-2.0276685789765013e-05,0.000803560128336341
9961,6,FP16_minus_A00,128,256,128,-0.06204811589485851,-0.0004847509054285821,-7.924408160262901e-05,0.0007114045280633367
9961,6,FP16_minus_A00,256,512,256,0.3895066963859924,0.0015215105327577828,0.0004974542738007565,0.005785246222856939
9961,6,FP16_minus_A00,512,783,271,0.1147721058778554,0.00042351330582234464,0.00014657995642127126,0.00403100447149559
6707,6,FP16_minus_A00,0,128,128,-0.019552728271376718,-0.0001527556896201306,-2.4971555902141402e-05,0.0007700776665388815
6707,6,FP16_minus_A00,128,256,128,-0.06293835754708199,-0.0004917059183365781,-8.038104412143294e-05,0.0012513487831422865
6707,6,FP16_minus_A00,256,512,256,-0.490851229404255,-0.0019173876148603712,-0.000626885350452433,0.0057862193977439615
6707,6,FP16_minus_A00,512,783,271,-0.08162131579086225,-0.000301185667124953,-0.0001042417826192366,0.003668378071377593
6680,1,FP16_minus_A00,0,128,128,0.002826341260272495,2.2080791095878867e-05,3.609631239173046e-06,2.6774247251844248e-05
6680,1,FP16_minus_A00,128,256,128,0.07434372015079768,0.0005808103136781069,9.494727988607623e-05,0.001424687197870074
6680,1,FP16_minus_A00,256,512,256,0.2103376974231331,0.0008216316305591137,0.0002686305203360576,0.002155406901505613
6680,1,FP16_minus_A00,512,783,271,0.10824597983026174,0.0003994316598902647,0.0001382451849684058,0.003396523370133651
144,7,FP16_minus_A00,0,128,128,0.002826341260272495,2.2080791095878867e-05,3.609631239173046e-06,2.6774247251844248e-05
144,7,FP16_minus_A00,128,256,128,-0.03440834795534286,-0.0002688152184011161,-4.394425026225142e-05,0.0020717727626959033
144,7,FP16_minus_A00,256,512,256,-0.08650434494777243,-0.00033790759745223604,-0.0001104780906101819,0.011878250248095898
144,7,FP16_minus_A00,512,783,271,0.45626159422747165,0.0016836221189205597,0.000582709571171739,0.008440886628931107
4697,7,FP16_minus_A00,0,128,128,0.002826341260272495,2.2080791095878867e-05,3.609631239173046e-06,2.6774247251844248e-05
4697,7,FP16_minus_A00,128,256,128,-0.16704963339827716,-0.0013050752609240403,-0.00021334563652398105,0.0023618456530117805
4697,7,FP16_minus_A00,256,512,256,2.1841092041235437,0.008531676578607593,0.0027894114995192128,0.011653573562132424
4697,7,FP16_minus_A00,512,783,271,-0.4492255312538811,-0.0016576587869146903,-0.0005737235392769874,0.006424030688540383
3921,2,FP16_minus_A00,0,128,128,0.011034799586640349,8.620937177062772e-05,1.4092975206437227e-05,0.00037277409402073085
3921,2,FP16_minus_A00,128,256,128,-0.2555600285944898,-0.0019965627233944514,-0.0003263857325600125,0.004581013930640431
3921,2,FP16_minus_A00,256,512,256,0.14537573145450128,0.0005678739509941456,0.0001856650465574729,0.005419180141828789
3921,2,FP16_minus_A00,512,783,271,-1.7868058794039468,-0.006593379628796851,-0.002281999845982052,0.012855903558757292
6374,1,FP16_minus_A00,0,128,128,-0.0033961906268539094,-2.6532739272296167e-05,-4.337408207987113e-06,0.00023263496981882075
6374,1,FP16_minus_A00,128,256,128,-0.015790832616353577,-0.00012336587981526232,-2.01670914640531e-05,0.00016782191481828744
6374,1,FP16_minus_A00,256,512,256,0.06269143798183631,0.0002448884296165481,8.006569346339248e-05,0.0003493740839731117
6374,1,FP16_minus_A00,512,783,271,0.07312265214162264,0.0002698252846554341,9.338780605571219e-05,0.0004794030871191042
3337,2,FP16_minus_A00,0,128,128,-0.23193201701607113,-0.0018119688829380557,-0.0002962094725620321,0.002098831972739813
3337,2,FP16_minus_A00,128,256,128,0.8625891783181543,0.00673897795561058,0.0011016464601764423,0.010944370783467341
3337,2,FP16_minus_A00,256,512,256,1.295085358669251,0.005058927182301762,0.0016540042894881877,0.008199141197086934
3337,2,FP16_minus_A00,512,783,271,-0.2876156492950005,-0.0010613123590221421,-0.0003673252225989789,0.0036936758364745155
9509,1,FP16_minus_A00,0,128,128,0.002826341260272495,2.2080791095878867e-05,3.609631239173046e-06,2.6774247251844248e-05
9509,1,FP16_minus_A00,128,256,128,0.7145639385512247,0.005582530769931443,0.0009125976226707851,0.006156331612944128
9509,1,FP16_minus_A00,256,512,256,0.09990909769685319,0.00039026991287833277,0.000127597825921907,0.003080625648948089
9509,1,FP16_minus_A00,512,783,271,-0.1938730007218425,-0.0007153985266488653,-0.00024760281062815133,0.0035071885030988526
7163,2,FP16_minus_A00,0,128,128,-0.12490525686367725,-0.0009758223192474785,-0.00015952140084760823,0.0010848464405089685
7163,2,FP16_minus_A00,128,256,128,-0.047270146807678465,-0.000369298021934988,-6.03705578642126e-05,0.0027943122235940965
7163,2,FP16_minus_A00,256,512,256,-0.817254318752501,-0.003192399682626957,-0.0010437475335280983,0.009229619717954593
7163,2,FP16_minus_A00,512,783,271,0.6768199775251454,0.0024974906919747065,0.0008643933301725995,0.004945204535783424
895,0,FP16_minus_A00,0,128,128,-0.09462852195773895,-0.0007392853277948356,-0.00012085379560375345,0.000762778372511066
895,0,FP16_minus_A00,128,256,128,0.027646323625674776,0.0002159869033255842,3.5308203864207885e-05,0.0022948482012257665
895,0,FP16_minus_A00,256,512,256,0.19828760110027135,0.000774560941797935,0.00025324086985986123,0.0035530379355970306
895,0,FP16_minus_A00,512,783,271,-0.7892695265362818,-0.0029124336772556525,-0.0010080070581561709,0.005854865092476614
192,0,FP16_minus_A00,0,128,128,0.002826341260272495,2.2080791095878867e-05,3.609631239173046e-06,2.6774247251844248e-05
192,0,FP16_minus_A00,128,256,128,0.06185371183833711,0.00048323212373700865,7.89958005598175e-05,0.004074996989507973
192,0,FP16_minus_A00,256,512,256,0.8251727480050938,0.0032233310468948975,0.001053860469993734,0.009665882653932475
192,0,FP16_minus_A00,512,783,271,-0.8302548623495154,-0.0030636710787804995,-0.001060351037483417,0.00905909989592421
9650,7,FP16_minus_A00,0,128,128,0.002826341260272495,2.2080791095878867e-05,3.609631239173046e-06,2.6774247251844248e-05
9650,7,FP16_minus_A00,128,256,128,-0.009789195696675315,-7.64780913802759e-05,-1.2502165640709214e-05,0.0019916161530007634
9650,7,FP16_minus_A00,256,512,256,-0.5225763520712551,-0.00204131387527834,-0.0006674027484945786,0.0062660071456610515
9650,7,FP16_minus_A00,512,783,271,-0.043913855861225815,-0.0001620437485654089,-5.608410710245953e-05,0.005411622507171872
3233,4,FP16_minus_A00,0,128,128,0.002826341260272495,2.2080791095878867e-05,3.609631239173046e-06,2.6774247251844248e-05
3233,4,FP16_minus_A00,128,256,128,-0.06470547247123605,-0.0005055115036815316,-8.263789587641896e-05,0.0017733050149301543
3233,4,FP16_minus_A00,256,512,256,-0.7664919386898827,-0.0029941091355073545,-0.000978916907649914,0.005187898488312081
3233,4,FP16_minus_A00,512,783,271,0.1346927477619312,0.0004970212094536206,0.0001720213892234115,0.002514421737037109
7198,8,FP16_minus_A00,0,128,128,0.002826341260272495,2.2080791095878867e-05,3.609631239173046e-06,2.6774247251844248e-05
7198,8,FP16_minus_A00,128,256,128,0.1865832705825792,0.0014576818014264,0.00023829281045029273,0.003739714761507189
7198,8,FP16_minus_A00,256,512,256,-0.13547580480588314,-0.000529202362522981,-0.0001730214620764791,0.004075619136636853
7198,8,FP16_minus_A00,512,783,271,-0.46926650332476455,-0.0017316107133755149,-0.0005993186504786265,0.006198175685171016
2130,4,FP16_minus_A00,0,128,128,0.002826341260272495,2.2080791095878867e-05,3.609631239173046e-06,2.6774247251844248e-05
2130,4,FP16_minus_A00,128,256,128,-0.09305182203394355,-0.000726967359640184,-0.00011884013031154987,0.001520362546620092
2130,4,FP16_minus_A00,256,512,256,-0.3709611474426446,-0.0014490669821978304,-0.0004737690261081029,0.004634958422805344
2130,4,FP16_minus_A00,512,783,271,-0.0758091438791242,-0.0002797385382993513,-9.68188299861101e-05,0.004885389067489252
3500,4,FP16_minus_A00,0,128,128,0.002826341260272495,2.2080791095878867e-05,3.609631239173046e-06,2.6774247251844248e-05
3500,4,FP16_minus_A00,128,256,128,0.2740091160351461,0.002140696219024579,0.0003499477854854995,0.0038060291035702212
3500,4,FP16_minus_A00,256,512,256,0.590128016328832,0.0023051875637845,0.0007536756274953156,0.005800645879252515
3500,4,FP16_minus_A00,512,783,271,-1.5286361874855499,-0.00564072393906107,-0.001952281210070945,0.00901752494755309
3875,4,FP16_minus_A00,0,128,128,0.002826341260272495,2.2080791095878867e-05,3.609631239173046e-06,2.6774247251844248e-05
3875,4,FP16_minus_A00,128,256,128,0.14851435272296004,0.0011602683806481253,0.00018967350283902943,0.004623297949027582
3875,4,FP16_minus_A00,256,512,256,-1.2087958116030735,-0.004721858639074506,-0.0015438005256744234,0.010004420343112946
3875,4,FP16_minus_A00,512,783,271,0.38534081933494624,0.0014219218425643772,0.0004921338688824345,0.0055460530557122755
3861,9,FP16_minus_A00,0,128,128,0.002826341260272495,2.2080791095878867e-05,3.609631239173046e-06,2.6774247251844248e-05
3861,9,FP16_minus_A00,128,256,128,-0.14843595922593578,-0.0011596559314526233,-0.0001895733834303139,0.0058772862332433385
3861,9,FP16_minus_A00,256,512,256,-0.25264699662645795,-0.0009869023305721014,-0.00032266538521897567,0.00536859020057316
3861,9,FP16_minus_A00,512,783,271,-0.1418041893088552,-0.0005232626911765875,-0.00018110369004962348,0.003765283371558594
6871,7,FP16_minus_A00,0,128,128,0.002826341260272495,2.2080791095878867e-05,3.609631239173046e-06,2.6774247251844248e-05
6871,7,FP16_minus_A00,128,256,128,0.1568985585389442,0.0012257699885855015,0.00020038130081602068,0.002485213528130665
6871,7,FP16_minus_A00,256,512,256,0.03615048058554943,0.00014121281478730245,4.616919615012698e-05,0.0024219711145808008
6871,7,FP16_minus_A00,512,783,271,0.6721821184757288,0.002480376820943649,0.0008584701385386064,0.005135462541336869
6116,3,pair_minus_A00,0,128,128,2.0222343519207816e-06,1.5798705874381107e-08,2.5826747789537443e-09,3.699462073538705e-08
6116,3,pair_minus_A00,128,256,128,-0.00045516134919324955,-3.555948040572262e-06,-5.813044050999355e-07,1.0065197322141299e-05
6116,3,pair_minus_A00,256,512,256,0.00038122398020353133,1.4891561726700443e-06,4.868760922139609e-07,1.4034017741720795e-05
6116,3,pair_minus_A00,512,783,271,-0.007645175889438249,-2.821098114183856e-05,-9.763953881785758e-06,4.918706477076044e-05
8068,1,pair_minus_A00,0,128,128,2.0222343519207816e-06,1.5798705874381107e-08,2.5826747789537443e-09,3.699462073538705e-08
8068,1,pair_minus_A00,128,256,128,0.0015222892397463252,1.1892884685518166e-05,1.9441752742609516e-06,1.8333659404269633e-05
8068,1,pair_minus_A00,256,512,256,-0.0015524737621271907,-6.064350633309339e-06,-1.9827251112735512e-06,1.74034381459835e-05
8068,1,pair_minus_A00,512,783,271,-0.0007801331093142029,-2.8787199605690143e-06,-9.963385814996205e-07,1.8851458116122192e-05
5732,1,pair_minus_A00,0,128,128,2.0222343519207816e-06,1.5798705874381107e-08,2.5826747789537443e-09,3.699462073538705e-08
5732,1,pair_minus_A00,128,256,128,0.0003204871077731036,2.5038055294773718e-06,4.093066510512179e-07,6.225277150300892e-06
5732,1,pair_minus_A00,256,512,256,0.000987552403574633,3.85762657646341e-06,1.261241894731332e-06,8.179745163134516e-06
5732,1,pair_minus_A00,512,783,271,0.00141044771099621,5.204604099617011e-06,1.8013380727920947e-06,2.5553392540154076e-05
9178,6,pair_minus_A00,0,128,128,7.197158077388948e-05,5.622779747960115e-07,9.191772768057404e-08,4.306397630963397e-06
9178,6,pair_minus_A00,128,256,128,-0.00023316054412589793,-1.8215667509835776e-06,-2.977784727022962e-07,7.141796044414914e-06
9178,6,pair_minus_A00,256,512,256,0.0023182246765276458,9.055565142686116e-06,2.9606956277492284e-06,3.376487487530674e-05
9178,6,pair_minus_A00,512,783,271,0.0006892318044949942,2.5432907914944436e-06,8.80244961040861e-07,1.5840924865948855e-05
4220,3,pair_minus_A00,0,128,128,2.0222343519207816e-06,1.5798705874381107e-08,2.5826747789537443e-09,3.699462073538705e-08
4220,3,pair_minus_A00,128,256,128,-0.0015453942926909165,-1.2073392911647785e-05,-1.9736836432834184e-06,2.4044693221133524e-05
4220,3,pair_minus_A00,256,512,256,-0.0005660992669966347,-2.2113252617056042e-06,-7.229875695997889e-07,3.058073515927758e-05
4220,3,pair_minus_A00,512,783,271,0.0029711997025427634,1.0963836540748205e-05,3.794635635431371e-06,2.6975487311038962e-05
5609,6,pair_minus_A00,0,128,128,-0.0002020054859610202,-1.5781678590704704e-06,-2.57989126386999e-07,3.4944182924818735e-06
5609,6,pair_minus_A00,128,256,128,0.003910777787799973,3.0552951467187286e-05,4.994607647254116e-06,3.532159670916664e-05
5609,6,pair_minus_A00,256,512,256,0.001923163805814184,7.512358616461656e-06,2.4561479001458288e-06,7.590091175995691e-05
5609,6,pair_minus_A00,512,783,271,-0.0010436322001225627,-3.851041328865545e-06,-1.3328636016890966e-06,1.6990784085730047e-05
2878,1,pair_minus_A00,0,128,128,-8.905687230103041e-05,-6.957568148518001e-07,-1.1373802337296348e-07,1.481595920555024e-06
2878,1,pair_minus_A00,128,256,128,-0.00045856565302665995,-3.582544164270781e-06,-5.8565217500212e-07,1.1286488030579963e-05
2878,1,pair_minus_A00,256,512,256,0.002415134140483895,9.434117736265215e-06,3.0844625038108493e-06,1.4523730714025596e-05
2878,1,pair_minus_A00,512,783,271,0.0008053916053423495,2.9719247429606993e-06,1.028597197116666e-06,7.207011983319459e-06
2000,6,pair_minus_A00,0,128,128,-7.628611641116686e-05,-5.959852844622411e-07,-9.742799030800365e-08,1.924761722119189e-06
2000,6,pair_minus_A00,128,256,128,-2.8355969325270883e-05,-2.2153101035367878e-07,-3.621452021107392e-08,1.4444078013094942e-05
2000,6,pair_minus_A00,256,512,256,0.0003632675654037402,1.41901392735836e-06,4.639432508349172e-07,1.5119386588309908e-05
2000,6,pair_minus_A00,512,783,271,0.00031055112243723375,1.145945101244405e-06,3.9661701460693964e-07,7.806227578094029e-06
1916,6,pair_minus_A00,0,128,128,8.800480079933725e-05,6.875375062448223e-07,1.1239438160834898e-07,9.539567665547085e-07
1916,6,pair_minus_A00,128,256,128,3.415765714146453e-05,2.668566964176916e-07,4.3624083194718426e-08,3.0113248724215474e-06
1916,6,pair_minus_A00,256,512,256,-0.0007370889698698451,-2.8792537885540826e-06,-9.413652233331356e-07,8.407572017572292e-06
1916,6,pair_minus_A00,512,783,271,-0.0005894664743346572,-2.1751530418253033e-06,-7.528307462767015e-07,4.530745826557074e-06
1722,2,pair_minus_A00,0,128,128,2.0222343519207816e-06,1.5798705874381107e-08,2.5826747789537443e-09,3.699462073538705e-08
1722,2,pair_minus_A00,128,256,128,0.0001925729368415767,1.504476069074818e-06,2.459424480735335e-07,1.1097878305312222e-05
1722,2,pair_minus_A00,256,512,256,-0.0031224396366594867,-1.219702983070112e-05,-3.987790085133444e-06,2.891107315804243e-05
1722,2,pair_minus_A00,512,783,271,-0.002479174723461947,-9.148246212036705e-06,-3.16625124324642e-06,2.997361231656412e-05
9365,3,pair_minus_A00,0,128,128,0.00026772750810575093,2.091621157076179e-06,3.419252977084942e-07,2.848080663073922e-06
9365,3,pair_minus_A00,128,256,128,0.0005729569154807548,4.476225902193397e-06,7.317457413547315e-07,1.6857464836133958e-05
9365,3,pair_minus_A00,256,512,256,0.0004857714432892023,1.8975447003484465e-06,6.203977564357628e-07,1.4741793775647178e-05
9365,3,pair_minus_A00,512,783,271,0.0001016141402222858,3.749599270195048e-07,1.297754025827405e-07,1.6640411762614338e-05
8228,0,pair_minus_A00,0,128,128,2.0222343519207816e-06,1.5798705874381107e-08,2.5826747789537443e-09,3.699462073538705e-08
8228,0,pair_minus_A00,128,256,128,0.00014408672250148673,1.125677519542865e-06,1.840188026838911e-07,1.67446582974971e-05
8228,0,pair_minus_A00,256,512,256,-5.9886270900712116e-05,-2.339307457059067e-07,-7.648310459861062e-08,4.665761167861639e-05
8228,0,pair_minus_A00,512,783,271,-0.0013748394324759406,-5.0732082379186e-06,-1.7558613441582894e-06,2.7458121141762414e-05
9961,6,pair_minus_A00,0,128,128,0.00012730709102659222,9.945866486452517e-07,1.62588877428598e-07,2.441277023392699e-06
9961,6,pair_minus_A00,128,256,128,0.00018459861456732705,1.4421766763072426e-06,2.3575812843847645e-07,5.644058010640315e-06
9961,6,pair_minus_A00,256,512,256,-0.00068745681127978,-2.6853781690616408e-06,-8.779780476114687e-07,1.7139303839314087e-05
9961,6,pair_minus_A00,512,783,271,-0.000742140077592611,-2.73852427155945e-06,-9.478161910505888e-07,9.832305158887858e-06
6707,6,pair_minus_A00,0,128,128,-0.00014746839857218827,-1.1520968638452208e-06,-1.8833767378312678e-07,4.274295324887927e-06
6707,6,pair_minus_A00,128,256,128,-0.0006211528828418018,-4.852756897201576e-06,-7.932987009473842e-07,1.1492088308942547e-05
6707,6,pair_minus_A00,256,512,256,-0.003976642441271956,-1.553375953621858e-05,-5.078725978635959e-06,3.257621620322143e-05
6707,6,pair_minus_A00,512,783,271,0.0010284928027272803,3.7951763938276023e-06,1.3135284836874588e-06,1.0697252882382897e-05
6680,1,pair_minus_A00,0,128,128,2.0222343519207816e-06,1.5798705874381107e-08,2.5826747789537443e-09,3.699462073538705e-08
6680,1,pair_minus_A00,128,256,128,-0.0013360902933446492,-1.0438205416755072e-05,-1.7063732992907397e-06,1.4691175081015485e-05
6680,1,pair_minus_A00,256,512,256,0.000731104824670696,2.855878221369906e-06,9.337226368718978e-07,1.3548457431341684e-05
6680,1,pair_minus_A00,512,783,271,-0.002419696181045565,-8.928768195740092e-06,-3.090288864681437e-06,1.2043036071821535e-05
144,7,pair_minus_A00,0,128,128,2.0222343519207816e-06,1.5798705874381107e-08,2.5826747789537443e-09,3.699462073538705e-08
144,7,pair_minus_A00,128,256,128,-0.000236177007770767,-1.8451328732091172e-06,-3.01630916693189e-07,8.500394787074202e-06
144,7,pair_minus_A00,256,512,256,-0.005500503290467457,-2.1486340978388503e-05,-7.0249084169443895e-06,4.332066649638522e-05
144,7,pair_minus_A00,512,783,271,-0.0015283930128404963,-5.6398266156475875e-06,-1.9519706421973135e-06,2.160887333421944e-05
4697,7,pair_minus_A00,0,128,128,2.0222343519207816e-06,1.5798705874381107e-08,2.5826747789537443e-09,3.699462073538705e-08
4697,7,pair_minus_A00,128,256,128,0.0003280798021920546,2.5631234546254265e-06,4.1900357878934173e-07,1.2286755990404225e-05
4697,7,pair_minus_A00,256,512,256,0.0032190370347506057,1.2574363416994554e-05,4.111158409643175e-06,2.811468866385509e-05
4697,7,pair_minus_A00,512,783,271,-0.0008235499638294128,-3.0389297558280915e-06,-1.051787948696568e-06,2.5368633672732506e-05
3921,2,pair_minus_A00,0,128,128,2.7887975533994743e-05,2.1787480885933393e-07,3.561682699105331e-08,3.1253661059429785e-07
3921,2,pair_minus_A00,128,256,128,-0.0009679806880335788,-7.562349125262334e-06,-1.2362460894426295e-06,1.8992101778831708e-05
3921,2,pair_minus_A00,256,512,256,0.0010915989364031933,4.264058345324974e-06,1.3941238012812174e-06,2.818385309700932e-05
3921,2,pair_minus_A00,512,783,271,-0.004331238840754687,-1.598243114669626e-05,-5.531594943492576e-06,4.6792321005772394e-05
6374,1,pair_minus_A00,0,128,128,1.442684611999977e-06,1.127097353124982e-08,1.8425090830140192e-09,2.3628160854194225e-07
6374,1,pair_minus_A00,128,256,128,1.557478209375875e-05,1.2167798510749024e-07,1.989116487070083e-08,7.759195461618684e-07
6374,1,pair_minus_A00,256,512,256,-0.001665251279953644,-6.504887812318922e-06,-2.126757701090222e-06,8.917119778977965e-06
6374,1,pair_minus_A00,512,783,271,-0.000521216213648836,-1.923307061434819e-06,-6.656656623867637e-07,5.461226042553078e-06
3337,2,pair_minus_A00,0,128,128,-8.711031555180463e-05,-6.805493402484737e-07,-1.1125199942759211e-07,4.002219480019229e-06
3337,2,pair_minus_A00,128,256,128,-0.006923072121298011,-5.408650094764071e-05,-8.841726847123896e-06,8.211836849645246e-05
3337,2,pair_minus_A00,256,512,256,0.0075884876644149325,2.964252993912083e-05,9.691555126966707e-06,5.3339709269867826e-05
3337,2,pair_minus_A00,512,783,271,0.0008358252693379934,3.084226086118057e-06,1.0674652226538868e-06,1.633970822053569e-05
9509,1,pair_minus_A00,0,128,128,2.0222343519207816e-06,1.5798705874381107e-08,2.5826747789537443e-09,3.699462073538705e-08
9509,1,pair_minus_A00,128,256,128,0.0023184777854903423,1.81131076991433e-05,2.961018883129428e-06,1.9914983582372666e-05
9509,1,pair_minus_A00,256,512,256,0.0022760301286455925,8.890742690021846e-06,2.906807316277896e-06,1.3948626353916334e-05
9509,1,pair_minus_A00,512,783,271,0.0003426374055928023,1.2643446700841415e-06,4.375956648694793e-07,7.1057764734827295e-06
7163,2,pair_minus_A00,0,128,128,-0.00015177439987622607,-1.1857374990330162e-06,-1.938370368789605e-07,2.0189258003760727e-06
7163,2,pair_minus_A00,128,256,128,0.00014777845982939873,1.1545192174171776e-06,1.8873366517164588e-07,1.7983094108392656e-05
7163,2,pair_minus_A00,256,512,256,-0.0004818425132896663,-1.882197317537759e-06,-6.153799658871856e-07,3.8799639853096375e-05
7163,2,pair_minus_A00,512,783,271,-0.000248426065037964,-9.167013470035572e-07,-3.172746679922912e-07,1.552963988370957e-05
895,0,pair_minus_A00,0,128,128,2.878041451460589e-05,2.2484698839535852e-07,3.675659580409437e-08,8.958495502747783e-07
895,0,pair_minus_A00,128,256,128,-0.0013029259209877205,-1.0179108757716566e-05,-1.6640177790392342e-06,2.6922152148853735e-05
895,0,pair_minus_A00,256,512,256,-0.0016507821857313192,-6.4483679130129655e-06,-2.108278653552132e-06,2.4876624796071505e-05
895,0,pair_minus_A00,512,783,271,0.00045536824504128256,1.6803256274586073e-06,5.815686398994669e-07,1.8995425149689553e-05
192,0,pair_minus_A00,0,128,128,2.0222343519207816e-06,1.5798705874381107e-08,2.5826747789537443e-09,3.699462073538705e-08
192,0,pair_minus_A00,128,256,128,-0.0005453122393822067,-4.26025187017349e-06,-6.964396416120136e-07,1.710074826189967e-05
192,0,pair_minus_A00,256,512,256,0.0035076067071094304,1.3701588699646212e-05,4.479702052502466e-06,4.119438839216519e-05
192,0,pair_minus_A00,512,783,271,-0.001823476776347456,-6.728696591688029e-06,-2.3288336862675045e-06,3.609556816669236e-05
9650,7,pair_minus_A00,0,128,128,2.0222343519207816e-06,1.5798705874381107e-08,2.5826747789537443e-09,3.699462073538705e-08
9650,7,pair_minus_A00,128,256,128,5.216506042671253e-05,4.0753953458369163e-07,6.662204396770438e-08,6.288318341361885e-06
9650,7,pair_minus_A00,256,512,256,0.001009060389915005,3.941642148105488e-06,1.2887105873754853e-06,3.036763827055e-05
9650,7,pair_minus_A00,512,783,271,-6.696173175728284e-05,-2.470912610969847e-07,-8.551945307443531e-08,1.5128724491402665e-05
3233,4,pair_minus_A00,0,128,128,2.0222343519207816e-06,1.5798705874381107e-08,2.5826747789537443e-09,3.699462073538705e-08
3233,4,pair_minus_A00,128,256,128,0.00016371309179342953,1.2790085296361682e-06,2.0908440842072737e-07,5.601162441401936e-06
3233,4,pair_minus_A00,256,512,256,-0.0015189028316867587,-5.933214186276401e-06,-1.939850359753204e-06,2.548292185418956e-05
3233,4,pair_minus_A00,512,783,271,-0.00013845414684612314,-5.109009108713031e-07,-1.7682521947142164e-07,9.883479984514843e-06
7198,8,pair_minus_A00,0,128,128,2.0222343519207816e-06,1.5798705874381107e-08,2.5826747789537443e-09,3.699462073538705e-08
7198,8,pair_minus_A00,128,256,128,6.957322216101863e-05,5.435407981329581e-07,8.885468986081562e-08,1.1667340765180696e-05
7198,8,pair_minus_A00,256,512,256,-0.002105548307586234,-8.224798076508726e-06,-2.6890782983221377e-06,1.7496287867752432e-05
7198,8,pair_minus_A00,512,783,271,-0.0016358529093595837,-6.036357599112855e-06,-2.0892118893481272e-06,2.158510608998972e-05
2130,4,pair_minus_A00,0,128,128,2.0222343519207816e-06,1.5798705874381107e-08,2.5826747789537443e-09,3.699462073538705e-08
2130,4,pair_minus_A00,128,256,128,1.2736328274629134e-05,9.950256464554011e-08,1.6266064207700044e-08,4.110123973055185e-06
2130,4,pair_minus_A00,256,512,256,-0.00040503926271655434,-1.5821846199865404e-06,-5.172915232650757e-07,2.349718100788811e-05
2130,4,pair_minus_A00,512,783,271,0.0025799067106059993,9.519950961645753e-06,3.2949000135453375e-06,2.5930494318289837e-05
3500,4,pair_minus_A00,0,128,128,2.0222343519207816e-06,1.5798705874381107e-08,2.5826747789537443e-09,3.699462073538705e-08
3500,4,pair_minus_A00,128,256,128,-0.0030193208427523014,-2.3588444084002354e-05,-3.856093030334995e-06,3.138442409965567e-05
3500,4,pair_minus_A00,256,512,256,-0.004569987299185851,-1.785151288744473e-05,-5.836509960646042e-06,3.517303585865669e-05
3500,4,pair_minus_A00,512,783,271,-0.007286733009655336,-2.6888313688765075e-05,-9.306172426124311e-06,3.7847861669362e-05
3875,4,pair_minus_A00,0,128,128,2.0222343519207816e-06,1.5798705874381107e-08,2.5826747789537443e-09,3.699462073538705e-08
3875,4,pair_minus_A00,128,256,128,0.00320325547577845,2.502543340451914e-05,4.091003161913729e-06,0.0002219453462173435
3875,4,pair_minus_A00,256,512,256,-0.004047071668747702,-1.5808873706045712e-05,-5.168673906446619e-06,6.279894129539976e-05
3875,4,pair_minus_A00,512,783,271,0.0032424174512478594,1.1964640041505016e-05,4.141018456255248e-06,2.2490378037956983e-05
3861,9,pair_minus_A00,0,128,128,2.0222343519207816e-06,1.5798705874381107e-08,2.5826747789537443e-09,3.699462073538705e-08
3861,9,pair_minus_A00,128,256,128,-0.0009467757127520193,-7.3966852558751505e-06,-1.2091643841021958e-06,1.279397973121177e-05
3861,9,pair_minus_A00,256,512,256,0.0014545940422708336,5.682007977620444e-06,1.8577190833599406e-06,3.121129277184449e-05
3861,9,pair_minus_A00,512,783,271,-0.0007455337506553116,-2.7510470503886037e-06,-9.521503839786866e-07,1.491872496087471e-05
6871,7,pair_minus_A00,0,128,128,2.0222343519207816e-06,1.5798705874381107e-08,2.5826747789537443e-09,3.699462073538705e-08
6871,7,pair_minus_A00,128,256,128,-0.0004503927748922652,-3.5186935538458218e-06,-5.75214271893059e-07,1.2274202438904173e-05
6871,7,pair_minus_A00,256,512,256,-0.0014528395252284857,-5.6751543954237724e-06,-1.8554783208537493e-06,2.0161984264838136e-05
6871,7,pair_minus_A00,512,783,271,0.004581661896926848,1.6906501464674713e-05,5.851420047160725e-06,3.502827951597126e-05
6116,3,primary_A11_minus_A10,0,128,128,0.011917059554404497,9.310202776878513e-05,1.5219744003070877e-05,9.316218953599398e-05
6116,3,primary_A11_minus_A10,128,256,128,0.3379397301595467,0.0026401541418714586,0.00043159607938639423,0.009338002895768801
6116,3,primary_A11_minus_A10,256,512,256,0.19365885633292235,0.0007564799075504779,0.000247329318432851,0.02554014972569466
6116,3,primary_A11_minus_A10,512,783,271,-1.4893027601635427,-0.005495582140824881,-0.0019020469478461593,0.033895828215709425
8068,1,primary_A11_minus_A10,0,128,128,0.011917059554404497,9.310202776878513e-05,1.5219744003070877e-05,9.316218953599398e-05
8068,1,primary_A11_minus_A10,128,256,128,-0.7194516070862054,-0.0056207156803609794,-0.0009188398557933657,0.012383521975800556
8068,1,primary_A11_minus_A10,256,512,256,2.6478778616491616,0.010343272897067038,0.003381708635567256,0.017811257818585786
8068,1,primary_A11_minus_A10,512,783,271,4.338093238566529,0.01600772412755177,0.005540348963686499,0.02629607332855698
5732,1,primary_A11_minus_A10,0,128,128,0.011917059554404497,9.310202776878513e-05,1.5219744003070877e-05,9.316218953599398e-05
5732,1,primary_A11_minus_A10,128,256,128,0.1359907762690135,0.001062427939601668,0.00017367915232313348,0.002815011391037313
5732,1,primary_A11_minus_A10,256,512,256,4.484589254566485,0.017517926775650332,0.0057274447695612836,0.020701956028826216
5732,1,primary_A11_minus_A10,512,783,271,3.696659411313583,0.01364080963584348,0.004721148673452852,0.03152751459421802
9178,6,primary_A11_minus_A10,0,128,128,-0.027624097761475046,-0.0002158132637615238,-3.527981834160287e-05,0.0018858529749874939
9178,6,primary_A11_minus_A10,128,256,128,-0.11103685551593645,-0.0008674754337182535,-0.0001418095217317196,0.01018206351357951
9178,6,primary_A11_minus_A10,256,512,256,-0.2113818624659637,-0.0008257104002576707,-0.0002699640644520609,0.035862610762563155
9178,6,primary_A11_minus_A10,512,783,271,0.37984341832978247,0.0014016362299991974,0.0004851129225156864,0.020122273883784347
4220,3,primary_A11_minus_A10,0,128,128,0.011917059554404497,9.310202776878513e-05,1.5219744003070877e-05,9.316218953599398e-05
4220,3,primary_A11_minus_A10,128,256,128,-0.3610158816619401,-0.002820436575483907,-0.0004610675372438571,0.007965903419599931
4220,3,primary_A11_minus_A10,256,512,256,3.0068337162865264,0.011745444204244244,0.003840145231528131,0.026469195041170693
4220,3,primary_A11_minus_A10,512,783,271,8.960933177207016,0.033066174085634746,0.011444359102435525,0.04258842665895012
5609,6,primary_A11_minus_A10,0,128,128,0.011838875963778722,9.249121846702127e-05,1.5119892674046899e-05,0.0037007388271657316
5609,6,primary_A11_minus_A10,128,256,128,0.9953138490912582,0.007775889446025455,0.001271154341112718,0.01944198216021001
5609,6,primary_A11_minus_A10,256,512,256,5.117308619573034,0.019989486795207165,0.006535515478381908,0.058148332159303213
5609,6,primary_A11_minus_A10,512,783,271,3.460791906948442,0.012770449841138162,0.004419913035694051,0.019251580005927714
2878,1,primary_A11_minus_A10,0,128,128,-0.052004214766250334,-0.00040628292786133073,-6.641662166826352e-05,0.0006957527077539481
2878,1,primary_A11_minus_A10,128,256,128,-0.006700334389349694,-5.234636241679448e-05,-8.55725975651302e-06,0.008833175085634049
2878,1,primary_A11_minus_A10,256,512,256,-0.6702981655604014,-0.002618352209220318,-0.0008560640684040887,0.00537053052053381
2878,1,primary_A11_minus_A10,512,783,271,0.26526832141623646,0.0009788498945248578,0.00033878457396709636,0.009236640711436652
2000,6,primary_A11_minus_A10,0,128,128,0.011858084372232763,9.264128415806846e-05,1.514442448561017e-05,0.001245811189816135
2000,6,primary_A11_minus_A10,128,256,128,0.2585434451878482,0.0020198706655300642,0.00033019597086570655,0.004845079140637148
2000,6,primary_A11_minus_A10,256,512,256,-0.511241544706935,-0.0019970372840114646,-0.0006529266215925095,0.014534095300554536
2000,6,primary_A11_minus_A10,512,783,271,-0.8732987110286978,-0.0032225044687405825,-0.001115324024302296,0.012335415942421546
1916,6,primary_A11_minus_A10,0,128,128,-0.09122059682163748,-0.0007126609126690428,-0.0001165014007939176,0.0008081333669296856
1916,6,primary_A11_minus_A10,128,256,128,0.013186389104379977,0.00010301866487796857,1.684085453943803e-05,0.0032705138454889654
1916,6,primary_A11_minus_A10,256,512,256,0.4625757721356205,0.0018069366099047676,0.0005907736553456201,0.009099385378913565
1916,6,primary_A11_minus_A10,512,783,271,-0.5549389443542149,-0.002047745182118874,-0.000708734283977286,0.003982228939703141
1722,2,primary_A11_minus_A10,0,128,128,0.011917059554404497,9.310202776878513e-05,1.5219744003070877e-05,9.316218953599398e-05
1722,2,primary_A11_minus_A10,128,256,128,0.5617683528196624,0.004388815256403613,0.0007174563892971423,0.016203139417477117
1722,2,primary_A11_minus_A10,256,512,256,2.442663414233547,0.009541653961849793,0.0031196212186890768,0.059374964399568075
1722,2,primary_A11_minus_A10,512,783,271,14.68002765807354,0.05416984375672893,0.018748438899199922,0.06882017845518373
9365,3,primary_A11_minus_A10,0,128,128,-0.03024553321792502,-0.00023629322826503922,-3.862775634473183e-05,0.001971732734163699
9365,3,primary_A11_minus_A10,128,256,128,0.6304309655612574,0.004925241918447324,0.0008051481041650798,0.008600931841371626
9365,3,primary_A11_minus_A10,256,512,256,0.966983610438868,0.0037772797282768283,0.0012349726825528328,0.02344555878009707
9365,3,primary_A11_minus_A10,512,783,271,0.49054385266600437,0.001810124917586732,0.0006264927875683326,0.01654205674546104
8228,0,primary_A11_minus_A10,0,128,128,0.011917059554404497,9.310202776878513e-05,1.5219744003070877e-05,9.316218953599398e-05
8228,0,primary_A11_minus_A10,128,256,128,0.27353523156050547,0.002136993996566449,0.0003493425690427911,0.017044095130889166
8228,0,primary_A11_minus_A10,256,512,256,-1.272925971095236,-0.004972367074590766,-0.0016257036667882965,0.057950488147023194
8228,0,primary_A11_minus_A10,512,783,271,0.4363692991896276,0.0016102188161978878,0.0005573043412383494,0.04028168533868986
9961,6,primary_A11_minus_A10,0,128,128,0.027636842456868392,0.0002159128316942843,3.529609509178594e-05,0.0014016398412786725
9961,6,primary_A11_minus_A10,128,256,128,0.15849185222144474,0.001238217595480037,0.00020241615864807758,0.0036410831080224623
9961,6,primary_A11_minus_A10,256,512,256,-0.47053842824162617,-0.0018380407353188522,-0.0006009430756598036,0.024321130749005306
9961,6,primary_A11_minus_A10,512,783,271,-0.20688352312957814,-0.0007634078344264876,-0.0002642190589138929,0.015392869359407379
6707,6,primary_A11_minus_A10,0,128,128,-0.13831144871346682,-0.0010805581930739595,-0.00017664297409127308,0.002761956351469601
6707,6,primary_A11_minus_A10,128,256,128,0.19426813777044044,0.001517719826331566,0.0002481074556455178,0.008385863112642458
6707,6,primary_A11_minus_A10,256,512,256,2.9359428962043537,0.011468526938298257,0.0037496077857016013,0.03932388348108673
6707,6,primary_A11_minus_A10,512,783,271,1.0396616788507174,0.003836389958858736,0.0013277926932959354,0.016850379211046738
6680,1,primary_A11_minus_A10,0,128,128,0.011917059554404497,9.310202776878513e-05,1.5219744003070877e-05,9.316218953599398e-05
6680,1,primary_A11_minus_A10,128,256,128,-0.11184779839194839,-0.0008738109249370968,-0.00014284520867426358,0.007293631153676216
6680,1,primary_A11_minus_A10,256,512,256,-0.08145440829599948,-0.00031818128240624797,-0.0001040286185134093,0.012522098657509558
6680,1,primary_A11_minus_A10,512,783,271,-0.7138895832054368,-0.00263427890481711,-0.0009117363770184379,0.02294635481852114
144,7,primary_A11_minus_A10,0,128,128,0.011917059554404497,9.310202776878513e-05,1.5219744003070877e-05,9.316218953599398e-05
144,7,primary_A11_minus_A10,128,256,128,0.7233787603126941,0.005651396564942923,0.0009238553771554203,0.00978270265010846
144,7,primary_A11_minus_A10,256,512,256,3.1012091728516804,0.012114098331451877,0.0039606758273967825,0.02195876988430059
144,7,primary_A11_minus_A10,512,783,271,5.412528796202651,0.019972430982297607,0.006912552740999555,0.02859248871053953
4697,7,primary_A11_minus_A10,0,128,128,0.011917059554404497,9.310202776878513e-05,1.5219744003070877e-05,9.316218953599398e-05
4697,7,primary_A11_minus_A10,128,256,128,-0.2739125731091006,-0.0021399419774148485,-0.000349824486729375,0.014754067235756707
4697,7,primary_A11_minus_A10,256,512,256,3.083491717101328,0.012044889519927063,0.003938048169988924,0.023933536433785665
4697,7,primary_A11_minus_A10,512,783,271,3.273515061689962,0.012079391371549677,0.0041807344338313695,0.027771452789260003
3921,2,primary_A11_minus_A10,0,128,128,0.04802873328597262,0.0003752244787966611,6.133937839843246e-05,0.0006734316597867141
3921,2,primary_A11_minus_A10,128,256,128,-0.17021249175574263,-0.0013297850918417393,-0.00021738504694220003,0.015307069150604657
3921,2,primary_A11_minus_A10,256,512,256,1.6095883788777066,0.006287454604991041,0.002055668427685449,0.028912784507669657
3921,2,primary_A11_minus_A10,512,783,271,3.664305126859771,0.013521421132323878,0.004679827748224484,0.04184418752588046
6374,1,primary_A11_minus_A10,0,128,128,-0.01519396088537967,-0.00011870281941702867,-1.9404803174175825e-05,0.0002769945698911913
6374,1,primary_A11_minus_A10,128,256,128,-0.02437388161167796,-0.00019042095009123405,-3.1128839861657675e-05,0.0006606935113794173
6374,1,primary_A11_minus_A10,256,512,256,-0.1975725994182438,-0.0007717679664775148,-0.0002523277131778337,0.002601683301902233
6374,1,primary_A11_minus_A10,512,783,271,0.18403655259613466,0.0006791016700964379,0.00023504029705764324,0.0027015691087268617
3337,2,primary_A11_minus_A10,0,128,128,-0.312419266068374,-0.002440775516159172,-0.00039900289408476887,0.003912360921531667
3337,2,primary_A11_minus_A10,128,256,128,-0.8173731530599342,-0.006385727758280736,-0.0010438993014813974,0.026455345287924408
3337,2,primary_A11_minus_A10,256,512,256,6.755189953927698,0.02638746075753007,0.008627317948822093,0.03616956681303182
3337,2,primary_A11_minus_A10,512,783,271,6.7947697162078935,0.02507295098231695,0.008677866815080324,0.039277083130237124
9509,1,primary_A11_minus_A10,0,128,128,0.011917059554404497,9.310202776878513e-05,1.5219744003070877e-05,9.316218953599398e-05
9509,1,primary_A11_minus_A10,128,256,128,4.339626284115639,0.03390333034465343,0.005542306876265185,0.03718868721388746
9509,1,primary_A11_minus_A10,256,512,256,0.29502852184756256,0.0011524551634670413,0.00037679249278105054,0.019338736677465038
9509,1,primary_A11_minus_A10,512,783,271,1.7707791832453146,0.006534240528580496,0.002261531523940376,0.013574952546548053
7163,2,primary_A11_minus_A10,0,128,128,-0.08778690386146086,-0.000685835186417663,-0.00011211609688564605,0.0010117889771933247
7163,2,primary_A11_minus_A10,128,256,128,0.23190944146524892,0.0018117925114472572,0.0002961806404409309,0.007758605552346078
7163,2,primary_A11_minus_A10,256,512,256,6.377807172179319,0.024913309266325463,0.008145347601761582,0.06273999943345329
7163,2,primary_A11_minus_A10,512,783,271,6.191250769859226,0.022845943800218548,0.007907089105822766,0.029053835060020246
895,0,primary_A11_minus_A10,0,128,128,0.03892313037071755,0.00030408695602123084,4.971025590129955e-05,0.0017146720739021658
895,0,primary_A11_minus_A10,128,256,128,-0.2275535759316259,-0.0017777623119658273,-0.00029061759378240856,0.007009391318366809
895,0,primary_A11_minus_A10,256,512,256,1.1701198454093105,0.004570780646130119,0.0014944059328343684,0.019366164625193222
895,0,primary_A11_minus_A10,512,783,271,-0.15894053344466957,-0.0005864964333751645,-0.00020298918703022935,0.028973448201348888
192,0,primary_A11_minus_A10,0,128,128,0.011917059554404497,9.310202776878513e-05,1.5219744003070877e-05,9.316218953599398e-05
192,0,primary_A11_minus_A10,128,256,128,0.7637170567535081,0.005966539505886782,0.0009753729971309171,0.019787274911018782
192,0,primary_A11_minus_A10,256,512,256,3.452868276265319,0.013487766704161403,0.0044097934562775465,0.044659405902828034
192,0,primary_A11_minus_A10,512,783,271,1.4096107609636066,0.00520151572311294,0.0018002691710901745,0.04271035574332386
9650,7,primary_A11_minus_A10,0,128,128,0.011917059554404497,9.310202776878513e-05,1.5219744003070877e-05,9.316218953599398e-05
9650,7,primary_A11_minus_A10,128,256,128,0.06474824951760429,0.0005058456993562835,8.269252811954571e-05,0.010131910923931346
9650,7,primary_A11_minus_A10,256,512,256,2.438565359607117,0.009525645935965301,0.0031143874324484253,0.03967248410720887
9650,7,primary_A11_minus_A10,512,783,271,3.3690192020118177,0.012431805173475342,0.004302706515979333,0.027816130887648914
3233,4,primary_A11_minus_A10,0,128,128,0.011917059554404497,9.310202776878513e-05,1.5219744003070877e-05,9.316218953599398e-05
3233,4,primary_A11_minus_A10,128,256,128,0.6900308301265765,0.005390865860363879,0.0008812654280032906,0.010885084168910732
3233,4,primary_A11_minus_A10,256,512,256,1.1220281221146544,0.004382922352010369,0.0014329861074261231,0.023138978818666497
3233,4,primary_A11_minus_A10,512,783,271,1.558315673067162,0.005750242336041188,0.0019901860447856475,0.0168557452614957
7198,8,primary_A11_minus_A10,0,128,128,0.011917059554404497,9.310202776878513e-05,1.5219744003070877e-05,9.316218953599398e-05
7198,8,primary_A11_minus_A10,128,256,128,0.3567591216805096,0.0027871806381289813,0.0004556310621717875,0.01055304131399631
7198,8,primary_A11_minus_A10,256,512,256,0.8179544976293094,0.00319513475636449,0.0010446417594244053,0.023102209042651
7198,8,primary_A11_minus_A10,512,783,271,-0.8107102737666049,-0.002991550825707029,-0.001035389877096558,0.02682427669114453
2130,4,primary_A11_minus_A10,0,128,128,0.011917059554404497,9.310202776878513e-05,1.5219744003070877e-05,9.316218953599398e-05
2130,4,primary_A11_minus_A10,128,256,128,0.20040733411570122,0.0015656822977789158,0.00025594806400472696,0.007641133149350398
2130,4,primary_A11_minus_A10,256,512,256,-2.2199170327032816,-0.008671550908997194,-0.0028351430813579586,0.031098999114103396
2130,4,primary_A11_minus_A10,512,783,271,2.7379724604968585,0.010103219411427522,0.0034967719802003303,0.025523441320981284
3500,4,primary_A11_minus_A10,0,128,128,0.011917059554404497,9.310202776878513e-05,1.5219744003070877e-05,9.316218953599398e-05
3500,4,primary_A11_minus_A10,128,256,128,-0.22986553002614368,-0.0017958244533292475,-0.0002935702810040149,0.006644658690080614
3500,4,primary_A11_minus_A10,256,512,256,3.889645562873933,0.015193927979976301,0.004967618854245125,0.02048398583583807
3500,4,primary_A11_minus_A10,512,783,271,1.757784287108699,0.006486288882319923,0.00224493523257816,0.020360295546755315
3875,4,primary_A11_minus_A10,0,128,128,0.011917059554404497,9.310202776878513e-05,1.5219744003070877e-05,9.316218953599398e-05
3875,4,primary_A11_minus_A10,128,256,128,0.9227756995755034,0.0072091851529336205,0.0011785130262777822,0.017574461204694306
3875,4,primary_A11_minus_A10,256,512,256,-0.4079443295531662,-0.0015935325373170554,-0.0005210016980244778,0.039913473952709555
3875,4,primary_A11_minus_A10,512,783,271,1.542170750540324,0.005690666976163557,0.0019695667312136958,0.015170603041722443
3861,9,primary_A11_minus_A10,0,128,128,0.011917059554404497,9.310202776878513e-05,1.5219744003070877e-05,9.316218953599398e-05
3861,9,primary_A11_minus_A10,128,256,128,0.38708525384787473,0.0030241035456865214,0.0004943617545949869,0.011503380778463475
3861,9,primary_A11_minus_A10,256,512,256,-3.9431492687509997,-0.015402926831058593,-0.0050359505348033205,0.04141466472491097
3861,9,primary_A11_minus_A10,512,783,271,2.7240938478707375,0.010052006818711209,0.0034790470598604567,0.018194899442591936
6871,7,primary_A11_minus_A10,0,128,128,0.011917059554404497,9.310202776878513e-05,1.5219744003070877e-05,9.316218953599398e-05
6871,7,primary_A11_minus_A10,128,256,128,0.11283661168621201,0.0008815360287985313,0.00014410806090193104,0.012714393235294899
6871,7,primary_A11_minus_A10,256,512,256,0.0040507670759036,1.5823308890248436e-05,5.173393455815581e-06,0.013010613259583692
6871,7,primary_A11_minus_A10,512,783,271,8.468203164347337,0.031247982156263236,0.0108150742839685,0.03650663792196931
