index,label,contrast,final_signed_bits,negative_step_changes,max_oriented_drawdown_bits,first_1pct_pixel,later_below_1pct_steps,first_10pct_pixel,later_below_10pct_steps,first_25pct_pixel,later_below_25pct_steps,first_50pct_pixel,later_below_50pct_steps
6116,3,A10_minus_A00,6.880753626712745,507,1.7433947813703048,181,290,525,27,580,27,622,0
8068,1,A10_minus_A00,-3.976203631667643,226,2.7374695677005847,186,0,209,0,209,0,237,79
5732,1,A10_minus_A00,16.344433643658267,480,1.206536040236049,155,0,269,0,407,2,629,0
9178,6,A10_minus_A00,-0.4718824134179865,295,3.2295302925162064,69,152,99,204,205,158,292,115
4220,3,A10_minus_A00,3.8256668207794653,583,4.578221054828271,150,241,174,377,439,193,662,0
5609,6,A10_minus_A00,-2.817229126842102,264,4.020127177443518,70,80,175,26,207,79,323,8
2878,1,A10_minus_A00,-0.4778119562483648,262,0.7934965003995833,436,25,436,26,459,33,464,37
2000,6,A10_minus_A00,-0.8190293558780011,311,0.8823209557905685,74,0,99,0,102,81,235,29
1916,6,A10_minus_A00,1.3298518019276586,485,0.8601533698273748,101,24,131,23,240,0,319,32
1722,2,A10_minus_A00,-8.943711433403744,286,1.7803978993209042,515,0,515,0,516,0,516,1
9365,3,A10_minus_A00,2.0679792406127833,518,1.211934404306401,123,24,182,106,325,26,405,0
8228,0,A10_minus_A00,5.842528646247144,512,3.6503664160125364,344,100,465,2,468,25,495,15
9961,6,A10_minus_A00,3.110791045301962,455,1.2689445939163937,72,104,321,70,466,0,466,0
6707,6,A10_minus_A00,-0.7605410450992103,311,1.3217382689900576,72,107,181,0,181,0,209,2
6680,1,A10_minus_A00,3.5233933494260765,594,0.6284492953161638,158,137,297,4,406,0,600,0
144,7,A10_minus_A00,-12.417513846332731,262,1.6282689638728312,208,81,292,0,410,0,440,49
4697,7,A10_minus_A00,-3.4138755278040795,222,3.8720427454034674,228,57,228,76,293,111,294,311
3921,2,A10_minus_A00,2.4734345638742283,470,2.044808679439093,129,35,154,150,263,223,429,140
6374,1,A10_minus_A00,0.7944513262265824,406,0.6195084090890247,126,446,127,446,574,0,602,0
3337,2,A10_minus_A00,-7.301118449398787,290,3.449979214051678,127,0,180,0,186,1,207,28
9509,1,A10_minus_A00,2.4898039547459345,578,1.2645182387856333,130,0,187,0,187,2,243,0
7163,2,A10_minus_A00,8.683223117186513,584,1.4581057389700263,149,5,176,28,242,145,442,1
895,0,A10_minus_A00,-7.762191307713631,241,2.7891348206256374,551,0,553,0,553,0,581,0
192,0,A10_minus_A00,9.226021180289045,465,1.8013987475415962,131,60,320,1,331,26,494,0
9650,7,A10_minus_A00,-3.6555716428870992,238,1.522803412559857,220,2,267,21,341,0,346,62
3233,4,A10_minus_A00,-3.2027720570362463,253,2.046582179009462,186,2,240,0,259,0,271,0
7198,8,A10_minus_A00,0.5832508221413085,562,1.0352614679036072,210,171,217,172,240,195,296,278
2130,4,A10_minus_A00,2.8803189776887357,497,2.6471786832490793,302,271,347,284,661,0,661,0
3500,4,A10_minus_A00,-10.632869676786974,282,2.076353487400297,174,0,244,14,406,111,520,0
3875,4,A10_minus_A00,6.846439842792238,472,2.803221482081331,160,94,258,158,497,0,497,0
3861,9,A10_minus_A00,3.681791172022407,483,2.0536741179601137,178,32,236,0,260,0,294,6
6871,7,A10_minus_A00,-2.76311529289796,224,1.2836416318496782,203,247,263,223,267,281,605,0
6116,3,A01_minus_A00,-4.18858808130314,354,2.073987909741096,157,393,572,0,597,1,622,0
8068,1,A01_minus_A00,0.4685803717060773,483,2.049403938628281,119,367,182,339,182,344,182,373
5732,1,A01_minus_A00,4.256068601537177,325,1.8449256752911742,293,58,404,58,629,0,629,0
9178,6,A01_minus_A00,0.1843793045778479,453,1.5719898850325187,99,125,100,163,183,128,205,137
4220,3,A01_minus_A00,6.548687259468047,294,0.5223762843793667,174,115,319,0,408,0,523,0
5609,6,A01_minus_A00,6.3429065811284335,449,2.8364475044936484,234,0,287,24,317,0,317,0
2878,1,A01_minus_A00,0.8326460555413524,473,0.6502374103659314,156,116,156,200,319,217,571,24
2000,6,A01_minus_A00,-0.9808227313139817,406,0.5853443924285354,73,314,437,37,437,104,543,0
1916,6,A01_minus_A00,-0.7896491143493698,590,0.2880555104432547,101,22,128,160,434,55,541,2
1722,2,A01_minus_A00,14.154329249202574,317,1.14736393582852,234,83,430,0,514,0,516,0
9365,3,A01_minus_A00,2.10234698809291,411,1.196949949180969,125,28,182,3,294,112,376,113
8228,0,A01_minus_A00,-1.5234768341097156,498,3.017679982476503,131,325,134,339,468,29,468,32
9961,6,A01_minus_A00,-0.28897190454780486,345,1.5580771949745296,71,395,74,471,576,26,576,27
6707,6,A01_minus_A00,2.680269093719493,439,1.3002935876696506,181,52,291,0,346,19,379,36
6680,1,A01_minus_A00,-1.0398419803761152,524,1.69932346543168,157,281,216,245,241,253,488,79
144,7,A01_minus_A00,2.7617073557972285,273,1.6730287905602645,153,0,211,0,269,0,292,0
4697,7,A01_minus_A00,4.637458518739977,399,0.9088412354487994,174,81,202,90,294,0,294,0
3921,2,A01_minus_A00,5.042133934477225,394,1.0958898123203733,128,166,411,48,545,49,628,0
6374,1,A01_minus_A00,-0.13811252597655985,562,0.4196836153251783,126,0,127,0,152,0,293,25
3337,2,A01_minus_A00,1.8866716751673929,273,4.021872968244369,443,5,444,20,465,48,469,97
9509,1,A01_minus_A00,6.648582089557528,309,0.7551750049483594,185,0,187,0,213,0,243,0
7163,2,A01_minus_A00,-0.08389484373601713,476,2.407725632788093,123,259,123,262,123,271,126,302
895,0,A01_minus_A00,-2.2948817782451587,338,2.141836260576084,126,160,242,139,413,125,553,29
192,0,A01_minus_A00,5.061062107469627,289,1.6343265497668247,184,1,263,81,376,107,537,33
9650,7,A01_minus_A00,4.522933503043885,260,2.7384560525150654,174,152,427,0,489,112,707,0
3233,4,A01_minus_A00,3.5629065292586546,311,0.4826864443563803,158,1,232,0,259,26,400,0
7198,8,A01_minus_A00,-0.8271698652913335,463,1.2869955012856393,156,425,437,176,630,0,630,0
2130,4,A01_minus_A00,-2.976825254834208,466,2.023043142703265,357,0,357,1,374,7,411,0
3500,4,A01_minus_A00,4.033049253044823,335,3.0907660163193476,157,155,313,0,341,0,436,15
3875,4,A01_minus_A00,-0.27803183128189307,474,1.495140893384194,159,221,159,235,173,237,357,96
3861,9,A01_minus_A00,-0.9113727645216353,401,3.0893414901849,176,24,180,30,262,2,269,25
6871,7,A01_minus_A00,8.037814884051038,394,0.6498456573852951,185,160,521,0,550,0,633,0
6116,3,A11_minus_A00,5.934966512596074,460,2.8873524010598404,177,56,231,183,316,248,622,0
8068,1,A11_minus_A00,2.302232921016239,521,5.441158675304879,151,366,182,362,548,0,548,0
5732,1,A11_minus_A00,24.673590145361793,388,1.221229027770601,156,0,269,0,380,0,629,0
9178,6,A11_minus_A00,-0.44208181083158005,282,4.606135342644956,68,76,69,143,151,110,155,208
4220,3,A11_minus_A00,15.444334892165479,402,2.9262956834561624,152,88,353,50,439,83,542,73
5609,6,A11_minus_A00,6.768024124734411,522,4.569222629041673,121,83,262,4,317,87,342,188
2878,1,A11_minus_A00,-0.9415463495481302,279,0.8230772535289512,152,171,347,0,352,0,407,0
2000,6,A11_minus_A00,-1.933168082053553,333,0.6852039948471276,73,0,101,217,373,1,382,84
1916,6,A11_minus_A00,1.1594544219918075,227,1.5757005340756862,102,28,155,28,240,0,295,0
1722,2,A11_minus_A00,8.7526650512774,385,2.24042162540311,185,27,230,64,258,190,485,8
9365,3,A11_minus_A00,4.125692136060993,462,1.4019887340985666,125,24,182,21,376,1,405,0
8228,0,A11_minus_A00,5.291424265456451,359,4.3800489957675035,210,154,290,167,425,69,516,0
9961,6,A11_minus_A00,2.619497788609071,534,2.2102950663901657,100,56,265,1,320,32,466,0
6707,6,A11_minus_A00,3.271020219012835,492,1.6475159667970747,130,240,157,241,404,41,441,56
6680,1,A11_minus_A00,2.6281186190870933,447,1.4503538591617469,152,88,297,0,297,24,378,84
144,7,A11_minus_A00,-3.1684800574113035,418,5.907509629410859,209,113,355,6,355,34,410,51
4697,7,A11_minus_A00,2.681135737432516,481,5.139562395443908,152,50,202,108,357,52,412,75
3921,2,A11_minus_A00,7.625144311141939,440,2.3841684221499064,129,5,410,29,410,94,548,49
6374,1,A11_minus_A00,0.7413474369074148,220,0.8833372841079122,124,474,127,474,602,0,602,0
3337,2,A11_minus_A00,5.119048801608492,363,7.977403340569646,567,24,596,1,627,0,627,0
9509,1,A11_minus_A00,8.907155003508857,419,0.8369202773172155,131,0,187,0,211,2,243,0
7163,2,A11_minus_A00,21.39640359682888,398,3.540944914420992,157,0,242,2,352,0,486,0
895,0,A11_minus_A00,-6.939642441309895,291,4.234993624243734,553,0,553,0,553,1,602,0
192,0,A11_minus_A00,14.864134333825874,359,2.7689952923304464,162,0,318,0,346,20,494,0
9650,7,A11_minus_A00,2.228678227803843,380,4.9632817142347765,151,473,709,0,709,0,734,0
3233,4,A11_minus_A00,0.17951962782654962,444,3.9555860486819743,98,458,149,458,171,458,185,475
7198,8,A11_minus_A00,0.9591712272389262,464,1.700790506207849,126,57,217,24,242,36,246,107
2130,4,A11_minus_A00,3.6106987991524213,402,5.950005959885662,156,442,315,327,330,333,685,0
3500,4,A11_minus_A00,-5.203388297276065,390,4.4301396317481965,148,104,188,155,244,250,524,1
3875,4,A11_minus_A00,8.915359022909303,375,3.224550406560324,160,150,232,233,494,0,497,0
3861,9,A11_minus_A00,2.861738064544423,426,2.258843072912497,153,88,236,99,236,153,260,254
6871,7,A11_minus_A00,5.833892309765899,466,1.4067543934193574,178,142,409,55,547,26,685,27
6116,3,FP16_minus_A00,-1.8370392171671301,355,0.3962577210368327,153,362,549,19,573,0,622,0
8068,1,FP16_minus_A00,-1.4827279146015269,241,0.1323378967741795,181,27,209,0,209,0,237,0
5732,1,FP16_minus_A00,-0.17236390145184485,396,0.558612971407815,155,52,155,79,181,111,459,3
9178,6,FP16_minus_A00,-0.01625115261630209,227,0.3524830946564388,101,363,101,364,123,366,123,390
4220,3,FP16_minus_A00,-0.5962674318718719,345,1.2133479961357008,148,430,580,0,595,0,608,10
5609,6,FP16_minus_A00,1.3438127888471159,437,0.6873577218347002,69,48,175,0,234,0,290,0
2878,1,FP16_minus_A00,-1.2844976016077903,297,0.133297995358449,125,2,296,0,324,0,436,0
2000,6,FP16_minus_A00,-0.19465256639590994,247,0.1748544877502902,73,246,346,12,353,40,373,133
1916,6,FP16_minus_A00,0.31919564596073513,243,0.1145353879491331,187,21,268,0,346,0,401,0
1722,2,FP16_minus_A00,-0.5409596476823348,446,0.3457641119925423,203,2,203,17,289,158,519,0
9365,3,FP16_minus_A00,0.2780652000576044,446,0.256732395418464,124,0,125,19,149,5,152,72
8228,0,FP16_minus_A00,1.6499092467444663,379,0.6151636579020581,263,14,273,35,374,117,521,0
9961,6,FP16_minus_A00,0.42635404139560357,501,0.2988313250931645,320,56,347,63,371,93,467,1
6707,6,FP16_minus_A00,-0.6549636310135762,405,0.15115072389377748,73,0,154,55,291,28,408,1
6680,1,FP16_minus_A00,0.3957537386644652,338,0.15816673796083347,131,0,184,28,270,0,408,27
144,7,FP16_minus_A00,0.338175242584629,430,1.0671873098551836,130,276,267,249,267,278,267,390
4697,7,FP16_minus_A00,1.5706603807316601,480,0.5445300053819431,180,88,292,0,293,0,294,0
3921,2,FP16_minus_A00,-1.8859553769572954,375,0.4495547249817408,152,57,233,114,549,0,567,3
6374,1,FP16_minus_A00,0.11662706688025141,273,0.022844070057330995,122,221,348,0,348,0,574,3
3337,2,FP16_minus_A00,1.6381268706763328,340,0.38601805663866856,207,0,207,0,207,0,377,0
9509,1,FP16_minus_A00,0.6234263767865093,350,0.37997325670891724,130,0,185,0,187,0,187,2
7163,2,FP16_minus_A00,-0.3126097448987108,390,0.709051893692224,123,52,125,68,125,150,149,239
895,0,FP16_minus_A00,-0.6579641237680748,309,0.2804079158822119,123,109,126,236,553,1,609,0
192,0,FP16_minus_A00,0.05959793875418797,389,1.2010678528276375,121,64,184,9,189,9,190,13
9650,7,FP16_minus_A00,-0.5734530623688847,337,0.18850032297862818,243,0,268,0,296,22,369,36
3233,4,FP16_minus_A00,-0.693678322138915,361,0.32415724237534094,213,2,259,0,287,0,289,0
7198,8,FP16_minus_A00,-0.41533269628779634,330,0.25182143448339145,156,385,509,66,547,63,630,0
2130,4,FP16_minus_A00,-0.5369957720954404,354,0.379152059057259,183,21,215,27,294,55,383,12
3500,4,FP16_minus_A00,-0.6616727138612998,353,0.9201878183053945,147,278,520,0,520,60,521,85
3875,4,FP16_minus_A00,-0.6721142982848944,311,0.46595541362926673,173,28,178,73,271,0,301,0
3861,9,FP16_minus_A00,-0.5400608039009762,356,0.23795979817039764,178,50,231,1,241,2,316,60
6871,7,FP16_minus_A00,0.8680574988604949,494,0.15990816290187357,152,1,204,0,267,150,714,0
6116,3,pair_minus_A00,-0.007717091024076049,469,0.0011806080741084831,175,196,525,0,548,23,622,0
8068,1,pair_minus_A00,-0.0008082953973431487,416,0.0026985302400544743,154,332,181,342,520,5,548,0
5732,1,pair_minus_A00,0.0027205094566958676,293,0.001456875759153312,157,0,157,3,380,29,433,169
9178,6,pair_minus_A00,0.002846267517670628,276,0.001241625491398402,124,140,316,8,327,0,357,45
4220,3,pair_minus_A00,0.0008617283772071326,454,0.0029380361360575925,155,431,155,431,185,431,214,432
5609,6,pair_minus_A00,0.004588303907530573,362,0.005729205229588699,149,1,175,1,206,0,234,0
2878,1,pair_minus_A00,0.002672903220498554,331,0.0010645595076458935,126,308,459,0,459,0,464,0
2000,6,pair_minus_A00,0.000569176602104536,400,0.0006009649136934331,154,232,183,205,207,231,462,54
1916,6,pair_minus_A00,-0.0012043929862636993,458,0.0002701940956084118,291,0,291,75,374,0,401,0
1722,2,pair_minus_A00,-0.005407019188927941,438,0.0020925663013003242,203,35,206,126,437,3,439,9
9365,3,pair_minus_A00,0.0014280700070979932,343,0.000639083286844872,124,1,124,26,181,0,213,49
8228,0,pair_minus_A00,-0.0012886167465232456,450,0.0019824040922920413,133,246,182,263,212,284,374,152
9961,6,pair_minus_A00,-0.0011176911832784732,472,0.0011556137572473846,71,298,372,22,379,56,400,107
6707,6,pair_minus_A00,-0.0037167709199586664,562,0.001113231953656041,73,1,158,77,382,0,408,0
6680,1,pair_minus_A00,-0.0030226594153675954,476,0.0011599036618512573,216,0,216,0,216,55,267,249
144,7,pair_minus_A00,-0.007263051076726803,414,0.0012056927001972573,211,0,261,62,355,0,410,0
4697,7,pair_minus_A00,0.0027255891074651675,411,0.0027687485910018613,202,37,242,22,291,0,293,0
3921,2,pair_minus_A00,-0.004179732616851074,433,0.0014873534195447252,152,127,211,122,539,4,567,0
6374,1,pair_minus_A00,-0.002169450026896721,420,0.0002066418810471439,348,0,348,0,348,0,408,0
3337,2,pair_minus_A00,0.0014141304969031096,261,0.00737797407387618,122,343,123,371,473,59,473,161
9509,1,pair_minus_A00,0.004939167554080654,287,0.0004773248748790619,132,28,187,0,215,0,271,0
7163,2,pair_minus_A00,-0.0007342645183744566,357,0.0035518381796645292,128,262,128,264,149,264,149,274
895,0,pair_minus_A00,-0.0024695594471631508,444,0.0013169228138696244,151,0,152,0,152,0,206,19
192,0,pair_minus_A00,0.00114083992573169,300,0.004110778586653574,184,60,188,81,295,58,331,78
9650,7,pair_minus_A00,0.000996285952936356,301,0.0015375317813295245,155,42,262,33,262,69,276,106
3233,4,pair_minus_A00,-0.0014916216523875308,385,0.0010580643577217871,184,66,270,0,287,46,371,30
7198,8,pair_minus_A00,-0.003669805760432877,388,0.0006641546231569606,265,0,322,20,429,1,437,95
2130,4,pair_minus_A00,0.0021896260105159944,328,0.0012866981810399504,181,376,631,1,656,0,656,0
3500,4,pair_minus_A00,-0.014874018917241565,411,0.0011209740407239523,244,0,244,0,384,0,403,12
3875,4,pair_minus_A00,0.002400623492630529,368,0.007090641420484245,173,80,173,80,173,85,175,113
3861,9,pair_minus_A00,-0.00023569318678457623,377,0.0026948370197565747,183,406,183,413,183,413,183,414
6871,7,pair_minus_A00,0.0026804518311580143,397,0.0028622583887093923,201,423,210,475,716,0,717,0
6116,3,primary_A11_minus_A10,-0.9457871141166692,371,1.8810360664929409,156,399,157,403,572,19,573,20
8068,1,primary_A11_minus_A10,6.278436552683886,481,1.0025114488576998,182,227,464,0,488,0,548,0
5732,1,primary_A11_minus_A10,8.329156501703489,346,0.9866790243837595,237,0,269,0,324,0,461,27
9178,6,primary_A11_minus_A10,0.029800602586406932,434,1.480691390262172,67,391,99,361,99,362,100,365
4220,3,primary_A11_minus_A10,11.61866807138602,318,1.021886609475828,156,137,353,32,522,0,542,0
5609,6,primary_A11_minus_A10,9.585253251576509,445,1.298478473539486,214,0,234,0,317,0,342,0
2878,1,primary_A11_minus_A10,-0.4637343932997643,321,0.81277161236738,126,87,128,88,152,167,320,22
2000,6,primary_A11_minus_A10,-1.114138726175551,397,0.5285259423260757,73,308,437,4,467,34,542,0
1916,6,primary_A11_minus_A10,-0.1703973799358517,565,0.6325544360600288,101,228,101,250,101,296,128,362
1722,2,primary_A11_minus_A10,17.69637648468116,343,1.4601228813581146,230,60,429,24,514,0,516,0
9365,3,primary_A11_minus_A10,2.057712895448203,392,1.1561549090667103,125,28,182,3,214,101,376,65
8228,0,primary_A11_minus_A10,-0.5511043807906959,496,3.013957531690605,131,344,133,347,134,374,455,83
9961,6,primary_A11_minus_A10,-0.4912932566928907,311,1.1748979563120625,71,361,464,55,464,60,466,65
6707,6,primary_A11_minus_A10,4.031561264112049,441,1.0924231460965772,181,4,291,0,346,25,435,0
6680,1,primary_A11_minus_A10,-0.8952747303389805,493,1.9542541503167628,157,303,188,301,488,108,626,26
144,7,primary_A11_minus_A10,9.249033788921427,311,0.5184852869080743,190,1,261,0,491,0,547,0
4697,7,primary_A11_minus_A10,6.095011265236591,384,0.8488738144855648,179,46,294,0,297,0,468,32
3921,2,primary_A11_minus_A10,5.15170974726771,375,0.9541893537793786,129,160,410,18,463,65,577,10
6374,1,primary_A11_minus_A10,-0.053103889319166694,539,0.44843196579270334,128,1,128,1,128,1,152,29
3337,2,primary_A11_minus_A10,12.420167251007294,295,1.832888347985045,416,0,416,0,469,0,519,0
9509,1,primary_A11_minus_A10,6.417351048762931,299,0.7874232574000422,185,0,187,0,213,0,243,0
7163,2,primary_A11_minus_A10,12.71318047964234,332,2.4118822107720987,185,2,264,27,352,0,486,0
895,0,primary_A11_minus_A10,0.822548866403733,433,1.6526641404094824,125,234,150,298,436,17,456,20
192,0,primary_A11_minus_A10,5.638113153536837,287,3.086009748763588,184,0,243,9,373,1,494,0
9650,7,primary_A11_minus_A10,5.88424987069094,284,2.3067681986649826,179,177,427,0,427,0,678,2
3233,4,primary_A11_minus_A10,3.3822916848627975,341,0.6956369057598436,157,1,212,6,259,52,465,0
7198,8,primary_A11_minus_A10,0.37592040509761837,339,1.8261019018534426,101,28,157,31,158,97,245,42
2130,4,primary_A11_minus_A10,0.7303798214636851,319,4.102835503088484,123,329,182,353,208,389,316,335
3500,4,primary_A11_minus_A10,5.429481379510892,325,1.1135856551500138,313,0,370,0,376,1,456,0
3875,4,primary_A11_minus_A10,2.0689191801170645,294,2.5147693866984864,150,246,176,257,230,252,494,61
3861,9,primary_A11_minus_A10,-0.8200531074779789,382,3.2557216123060826,176,33,180,35,269,0,286,0
6871,7,primary_A11_minus_A10,8.597007602663854,406,0.7891989467885494,186,221,522,0,550,0,633,0
