contrast,n,mean,sample_sd,standard_error,paired_t,paired_t_df,two_sided_p_exploratory,paired_standardized_d,mean_absolute,positive,negative,zero,bootstrap_lower,bootstrap_upper
A10_minus_fp16,32,0.0006094545941189543,0.00800050326726392,0.0014143025282968616,0.4309223676866891,31,0.6695064824663121,0.07617703208905516,0.006134688825793584,18,14,0,-0.0020801581163835932,0.0034163016709108564
fp16_minus_A00,32,-0.00016370521799275502,0.0011662782617721653,0.00020617081691238936,-0.7940271103563616,31,0.4332161647576191,-0.1403654885447356,0.0009322047420144723,13,19,0,-0.0005587433742163321,0.0002337351055729737
interaction,32,0.0028597761153225506,0.004025784028541035,0.0007116647965434658,4.018431330610135,31,0.00034705110677475345,0.710365010901727,0.003038821172448505,25,7,0,0.0016073973103084475,0.004313099749080134
joint_A11_minus_A00,32,0.005997211867793487,0.008753796737905146,0.0015474672586253519,3.8755016200607293,31,0.000515707716365843,0.6850983690110981,0.007484145699085846,26,6,0,0.0031551281365168058,0.009093026130535987
matrix_given_bf16_normalizer,32,0.003305525491448748,0.00855557970477526,0.0015124271065571466,2.1855767310157304,31,0.036524980438065596,0.38635903182618747,0.006370973785511854,21,11,0,0.0005138341775716416,0.006364743596161445
matrix_only_A10_minus_A00,32,0.00044574937612619926,0.007809686473968238,0.0013805705661709496,0.32287330111817275,31,0.7489589573577263,0.05707647517118651,0.005986572872567331,17,15,0,-0.002183338703094968,0.003163346677628809
normalizer_only_A01_minus_A00,32,0.002691686376344739,0.004878346874141755,0.000862378038921458,3.121237154544339,31,0.003880034733841502,0.5517619894174265,0.003994499236329368,19,13,0,0.0010926459887729053,0.004401006056059919
pair_minus_A00,32,-1.085411103301636e-06,5.194641268366459e-06,9.182915166733528e-07,-1.1819896880172636,31,0.2461974651100735,-0.20894823092239467,3.813194744747752e-06,15,17,0,-2.975229931931171e-06,5.84602157037513e-07
primary_A11_minus_A10,32,0.005551462491667288,0.0063330012673534055,0.001119527035352148,4.958756971796641,31,2.4171842481710276e-05,0.8765926702533684,0.005990869178939624,23,9,0,0.003425583318731722,0.0077399787878231876
