run,array,sha256,manifest_sha256
image_06116_A00_v1,native_kc_state,360335ae426fdcafdf544d44cc88259fb49226e4aec92977e47254c58c38dd52,25e9496effeb476d5e2f72cfab1d6bf7e1b4921ef3ca1d8f1d7383327e709e05
image_06116_A00_v1,feed_kc_state,360335ae426fdcafdf544d44cc88259fb49226e4aec92977e47254c58c38dd52,25e9496effeb476d5e2f72cfab1d6bf7e1b4921ef3ca1d8f1d7383327e709e05
image_06116_A10_v1,native_kc_state,2ab6ce9ecf237057cfad425bbed9df461841fc05c945448e21101d37cab8696b,ba3781a1fc3ecf0ceb0d3db18a0edb6a671476dfc186fa802a1b184b33aa5d19
image_06116_A10_v1,feed_kc_state,2ab6ce9ecf237057cfad425bbed9df461841fc05c945448e21101d37cab8696b,ba3781a1fc3ecf0ceb0d3db18a0edb6a671476dfc186fa802a1b184b33aa5d19
image_06116_A01_v1,native_kc_state,bb8f540c58817789a71834d7e8462801d796ce6aa5e89f23ecced9d8eff44cde,a66b64196763b222436a4526e746919ed29d0dd085b7dadd7bf9c0ab737c17b7
image_06116_A01_v1,feed_kc_state,d4be167c2eb674640e834ae9e2c33f0ebd1103657e8ef88783d80b13889bf3fe,a66b64196763b222436a4526e746919ed29d0dd085b7dadd7bf9c0ab737c17b7
image_06116_A11_v1,native_kc_state,6a4f2ebe462a44f4f4bda3315cb1c05663af997c6fb13fe51e3b6e581bc07a17,b273156c1b629b2e13e14cda92c090f5dc12f03ac61cf6cdd2491950e509659d
image_06116_A11_v1,feed_kc_state,e16157f472923ee7793b8d81c7afc551763fc07e0ef7e723775ebbe89cccb54a,b273156c1b629b2e13e14cda92c090f5dc12f03ac61cf6cdd2491950e509659d
image_06116_fp16_boundary_v1,native_kc_state,36c2f177fe2d1b946338c6737e64d00ea62b34a5aa936c33ad98a9f402762909,57f07120405c7c3c921a68be469f1fdebe2babe0a548c718f4c6dae2b530a8c5
image_06116_fp16_boundary_v1,feed_kc_state,4bbae068a854f7dbe7a68523f8e3cd0ae23273e3d1ffb2501d6f16875a2ad54f,57f07120405c7c3c921a68be469f1fdebe2babe0a548c718f4c6dae2b530a8c5
image_06116_bf16_pair_boundary_v1,native_kc_state,3e5af4051774c941c9aa6de42df634f1da2e3d4640f025944a51193202a222bc,80680d2b25baddcb0632f66fbde7ef23d5c8dcf9d1fb62796d682c5208229849
image_06116_bf16_pair_boundary_v1,feed_kc_state,b00d2232e5218265db3a1835c37e6722c17ed4bbafa1a2338c5ea9ed4ede1b15,80680d2b25baddcb0632f66fbde7ef23d5c8dcf9d1fb62796d682c5208229849
image_08068_A00_v1,native_kc_state,8e18addcc71298d7505e593924028152f2727b35ebcccd84e043c828ffc28fa7,4b9fde9ae81c374d343c0fab7e0748005e3097843bfe3731482f2babc460b366
image_08068_A00_v1,feed_kc_state,8e18addcc71298d7505e593924028152f2727b35ebcccd84e043c828ffc28fa7,4b9fde9ae81c374d343c0fab7e0748005e3097843bfe3731482f2babc460b366
image_08068_A10_v1,native_kc_state,8693bf8114fe3093c87b9be8843b055a68cb4d88de86649b95f3f0b8465a812f,ea6cf1a77cbb048f317cca81a04c15c676801498ffe322e65a09922c11be36c5
image_08068_A10_v1,feed_kc_state,8693bf8114fe3093c87b9be8843b055a68cb4d88de86649b95f3f0b8465a812f,ea6cf1a77cbb048f317cca81a04c15c676801498ffe322e65a09922c11be36c5
image_08068_A01_v1,native_kc_state,463a71e6043f69089e0d717ed434e4357bd47796170265c73fc94a03f7caf059,869ae31dc5bb1c6a017105bea831f8c9791b95035941b3ba4cf1e42bd5c1881c
image_08068_A01_v1,feed_kc_state,2e28fe6b9115e795681f81becc8a67b64d48602a9bef0306ec8bd11ebe6463a3,869ae31dc5bb1c6a017105bea831f8c9791b95035941b3ba4cf1e42bd5c1881c
image_08068_A11_v1,native_kc_state,5fbca687881fe3ecd337a521da22511b5b4450543e0ce3139e3508f230ca0912,636476544d311ca6928320f2b7f6a516ae03c18c53437195f21602fcfaa8879b
image_08068_A11_v1,feed_kc_state,2ee506d2e5ec25d351e2c92e6e2a88588f439505760abcee80fe6ce8452ecc6a,636476544d311ca6928320f2b7f6a516ae03c18c53437195f21602fcfaa8879b
image_08068_fp16_boundary_v1,native_kc_state,e13a32558c8329e475840773e15cea6c8c1c7732309c6642afd897bb5018fde4,03661896687619f5c225c5c84170071a8351c75f3b867fe53b89f8ca389d325a
image_08068_fp16_boundary_v1,feed_kc_state,39488abf31a1f111ff7402f022c33be3e50233fb0cd7d0ebf9f8a25e2601bd7c,03661896687619f5c225c5c84170071a8351c75f3b867fe53b89f8ca389d325a
image_08068_bf16_pair_boundary_v1,native_kc_state,049f1aaf3294cab678eb1e6e04d6a852d37a720e550c5231407220a9572dc86c,946e652e3a4fe71230fdf73d2a0a0b2d775b3ff013ed3b413d9b88201fdb8335
image_08068_bf16_pair_boundary_v1,feed_kc_state,30b2b9759a926babdfb6110fce0e587939ceafcabcfe4513209156bc0d826a3d,946e652e3a4fe71230fdf73d2a0a0b2d775b3ff013ed3b413d9b88201fdb8335
image_05732_A00_v1,native_kc_state,522e2a9c47a7c6154016d1ffc0b4e3255db2f690c970afd42da398535ef6d722,44d3fc76675364f2282b79d79caa41bc304e73c0929fb7a35ac76601efc301c3
image_05732_A00_v1,feed_kc_state,522e2a9c47a7c6154016d1ffc0b4e3255db2f690c970afd42da398535ef6d722,44d3fc76675364f2282b79d79caa41bc304e73c0929fb7a35ac76601efc301c3
image_05732_A10_v1,native_kc_state,68884b66541f3d0dee6108344fede15f376aafada2e408df7dc72c5b0b45c505,d37e27e1d524bc0462b6dda60e45babe694016b11462ff7271f849ac011737f3
image_05732_A10_v1,feed_kc_state,68884b66541f3d0dee6108344fede15f376aafada2e408df7dc72c5b0b45c505,d37e27e1d524bc0462b6dda60e45babe694016b11462ff7271f849ac011737f3
image_05732_A01_v1,native_kc_state,5cf49258ad69ce130f0a216a969de28b889a89fe92520cbd99c416b6cafbf0ec,dfbcd82f57f4606bf4bc103b321572bfe75cdd73e46317baaabda1037bb280dd
image_05732_A01_v1,feed_kc_state,8eecd94fde1994a6defeac82101c2c44f3a985f953faca20af103f146913998e,dfbcd82f57f4606bf4bc103b321572bfe75cdd73e46317baaabda1037bb280dd
image_05732_A11_v1,native_kc_state,def607445c22b751795eec35b404bd3cdb6743362bb93ec22a683ec28f67ef5e,5311ff1378a68477982d7291428aaca2c67f0eb96bd2c7b095ad71ee21ebadd9
image_05732_A11_v1,feed_kc_state,e2ad04e2b651ac75fcc1ce49c1c68bcf4180c2c8a7b64d525626686b3b5e5e05,5311ff1378a68477982d7291428aaca2c67f0eb96bd2c7b095ad71ee21ebadd9
image_05732_fp16_boundary_v1,native_kc_state,3c7b933e1c1f6b526119c1a05eabe15501586e44fbcf938ef2a8a7ad1034f349,fc9eee4e915f462c73a9af0893d424d49f440aee2b7817b2f08225fce2bfa784
image_05732_fp16_boundary_v1,feed_kc_state,c54bc9eb05f965428472f72868e296dfcf9741f710f2ed5fd228fc88a1d61f31,fc9eee4e915f462c73a9af0893d424d49f440aee2b7817b2f08225fce2bfa784
image_05732_bf16_pair_boundary_v1,native_kc_state,29146f60799d408dcfbbfe4fbf52bba7facf41feaad0e954c03053b12a66b3ee,a6f5c3fe99187805e62f35d6b004d0d9b3a1a66fb452652c911b4789653f15f2
image_05732_bf16_pair_boundary_v1,feed_kc_state,5ca1a01da9fb0584b56c2c6e2d43199604142d3c9b1eca377ec1f348a2b668a2,a6f5c3fe99187805e62f35d6b004d0d9b3a1a66fb452652c911b4789653f15f2
image_09178_A00_v1,native_kc_state,33dd3bb04d8b4ea0d5d9b53eaacc7da9e7141ed5f81d69e0621ac5ecb2d2af9f,f20849140ff6e1ac8f4fe47075bfa1457b7219128c795a1429bb27907c240656
image_09178_A00_v1,feed_kc_state,33dd3bb04d8b4ea0d5d9b53eaacc7da9e7141ed5f81d69e0621ac5ecb2d2af9f,f20849140ff6e1ac8f4fe47075bfa1457b7219128c795a1429bb27907c240656
image_09178_A10_v1,native_kc_state,54c51df973f1270e04cfd1fc6e359e99d6d80884b22a32bafbef60dc883e6259,8aaddaf221f5f0a5009a84b95d055dcbe6188317ba148ba5a6ec463cd17eb2b1
image_09178_A10_v1,feed_kc_state,54c51df973f1270e04cfd1fc6e359e99d6d80884b22a32bafbef60dc883e6259,8aaddaf221f5f0a5009a84b95d055dcbe6188317ba148ba5a6ec463cd17eb2b1
image_09178_A01_v1,native_kc_state,9239adee58742469bbd9b8fa5748535f6d491c175d9c197fd8c1cad958957bd8,721b14e9344f5049df26079720fc9594857c9d8f1597179cbb86432d474c99be
image_09178_A01_v1,feed_kc_state,a31ea3f5d6641476172627b4ee7642d5f5e448b6dde39a402ed42809f23ed75a,721b14e9344f5049df26079720fc9594857c9d8f1597179cbb86432d474c99be
image_09178_A11_v1,native_kc_state,f00de0ee5ce9962c63748e7f3327092c8bee68ea1ab7a5de000e2c466e2c8397,cda027fb9967a93dde8bd481d9abdb46cad6f275298f512ac30f05f48664e191
image_09178_A11_v1,feed_kc_state,2de0ba93be270b7093e350daa24057b123c70fd62ab2f114beaf3aa527f9115d,cda027fb9967a93dde8bd481d9abdb46cad6f275298f512ac30f05f48664e191
image_09178_fp16_boundary_v1,native_kc_state,b348d898100951ff7b85dc8dbbb2f11ea779f3004ef066074eaf97137b5f1952,aca5aa84803e788691dbe577d1ca37756e39f6b53badc91540d8c1820f6efb33
image_09178_fp16_boundary_v1,feed_kc_state,c4255a03ef3f6d5a0f396f1e1ec5a5d4749bb308e2236f6035efe856ecf5f3af,aca5aa84803e788691dbe577d1ca37756e39f6b53badc91540d8c1820f6efb33
image_09178_bf16_pair_boundary_v1,native_kc_state,decf020dad996cfd85434af8a8ea647fbc42eca4e0d90b38ce96482e59b7d58f,5a946c311337c5f92e0ea3a0745aaf2519651f915f15df92d2d1b10a35f2e994
image_09178_bf16_pair_boundary_v1,feed_kc_state,bdee5331f6800c251f895fcebdf7244d93ed3ab36aaab872880502e7b03f1956,5a946c311337c5f92e0ea3a0745aaf2519651f915f15df92d2d1b10a35f2e994
image_04220_A00_v1,native_kc_state,7f23a690267328cf135b8a53bd5cf205164b0446f64384baf50cda30f4603733,9fd79b10b6b7b0531b405fd96148f98f11b56c66b26838dd584bf05b87f960a3
image_04220_A00_v1,feed_kc_state,7f23a690267328cf135b8a53bd5cf205164b0446f64384baf50cda30f4603733,9fd79b10b6b7b0531b405fd96148f98f11b56c66b26838dd584bf05b87f960a3
image_04220_A10_v1,native_kc_state,604050b1713495d12840b78ed0ee98368acddddac41f8c023387785f6ead6d1f,280de29768b135db39bbc502671da1f9821ff3b097ccedd63e048ef507a241c4
image_04220_A10_v1,feed_kc_state,604050b1713495d12840b78ed0ee98368acddddac41f8c023387785f6ead6d1f,280de29768b135db39bbc502671da1f9821ff3b097ccedd63e048ef507a241c4
image_04220_A01_v1,native_kc_state,dba65497c4c941e1b3aeba94b8aa8bc231884421bd50f6a9bb9a66044d66af13,f9ec29c3bd6e4734a654d32a11897f31fa945d56a5cdc41c46fb47b952d21dbb
image_04220_A01_v1,feed_kc_state,d1e6dd040c10d624ffad60e0c3080c0104659a6bc0b2f84c95bd2075136fc898,f9ec29c3bd6e4734a654d32a11897f31fa945d56a5cdc41c46fb47b952d21dbb
image_04220_A11_v1,native_kc_state,fa60457a6dc427511391433c37c3101793951a7736e68e0547928f98526ca463,48c5c59fc1185e3ff6d7b81f38be6d5a50e48711fb86e60cf0d39acd67f7cae3
image_04220_A11_v1,feed_kc_state,5728cef35f91a3dd6152edad9a28d05d3396b932501b1891e83746e4cd526008,48c5c59fc1185e3ff6d7b81f38be6d5a50e48711fb86e60cf0d39acd67f7cae3
image_04220_fp16_boundary_v1,native_kc_state,0dfbc529cda5b4b9b3c749844f75b8bb989d1448ad115a3ff6b11f4085c62962,c2a643f62e4c799ce6cfb922dae4c45226d6d4815f8de98a6028a5bf205e9d4a
image_04220_fp16_boundary_v1,feed_kc_state,0b3d676b40b810f070242791a460e79660c24413756e0b70133418814bd14121,c2a643f62e4c799ce6cfb922dae4c45226d6d4815f8de98a6028a5bf205e9d4a
image_04220_bf16_pair_boundary_v1,native_kc_state,72c9de6587241c1b1c2346b4d82b703c927e1066ebd3c261ae18a652b3ea79d6,1ebcaba0cebe722c7ef485257c9d936218465f101ed9af3460c38ee91320cf2c
image_04220_bf16_pair_boundary_v1,feed_kc_state,fff7a8e33edb0e036f9844304c8547b58d2a0dbea6a56e123ff6613e41599832,1ebcaba0cebe722c7ef485257c9d936218465f101ed9af3460c38ee91320cf2c
image_05609_A00_v1,native_kc_state,c552d47e0f2ff59e31cd742b34421a77f4aa656367f1c340af5fb27f5ff25881,b5a5a318ff7e86329dbb5b8cd42e1fda6a517e69c92b2787f8d29ac7f18e4ddb
image_05609_A00_v1,feed_kc_state,c552d47e0f2ff59e31cd742b34421a77f4aa656367f1c340af5fb27f5ff25881,b5a5a318ff7e86329dbb5b8cd42e1fda6a517e69c92b2787f8d29ac7f18e4ddb
image_05609_A10_v1,native_kc_state,f9a2e4d00f92dc633c983ed7223e0aaef0469ef4eb3c3ef678db8ee6b7847574,63f2bbc4e10cd1d49a1312e526259254b873e5572bd5668cf2d244dcb47e4196
image_05609_A10_v1,feed_kc_state,f9a2e4d00f92dc633c983ed7223e0aaef0469ef4eb3c3ef678db8ee6b7847574,63f2bbc4e10cd1d49a1312e526259254b873e5572bd5668cf2d244dcb47e4196
image_05609_A01_v1,native_kc_state,0cb9bce87d6a46b7e223340ee459805e893fb2cf83ae686426de76ae02cd942f,97183d1afeb4b2498ea06d485cd4e47af0de6b6ca1fc27b853546b9093ff3c7a
image_05609_A01_v1,feed_kc_state,339e496f8f0ce299319cfeb9adba09de82f49355353c3bceeceb8f149a69d6c7,97183d1afeb4b2498ea06d485cd4e47af0de6b6ca1fc27b853546b9093ff3c7a
image_05609_A11_v1,native_kc_state,1fa83d2014877ef3dc0f97ea7f6aa382811b0c7fc96168ee867c138ef5afa841,2b2cdcd2f4c6b6c761608f370a3f9bcb42b953ea1546e9b29e46e52113225e99
image_05609_A11_v1,feed_kc_state,c52cb405308e1a6ccf1789d3eeaa0c7c763907d11c4bff13593e657ef56740c2,2b2cdcd2f4c6b6c761608f370a3f9bcb42b953ea1546e9b29e46e52113225e99
image_05609_fp16_boundary_v1,native_kc_state,a526b00831f1de607a33013b8e29481b27b4b634e2d548b1bac41ab6f79f8167,cfebf3156afae9ed5d4d95b48cec2684c181d36dfaed8bbcbb11d79afec85a53
image_05609_fp16_boundary_v1,feed_kc_state,d6d4d4448afca478516add2e62a6fd29d300b42d361452947aa391bfef110d46,cfebf3156afae9ed5d4d95b48cec2684c181d36dfaed8bbcbb11d79afec85a53
image_05609_bf16_pair_boundary_v1,native_kc_state,292f3d481fb49fd4d43596f2745c87f29396142772b20ad4081d13bf9c67f616,8d8c660aeefa9191ad8492a9ed404c904c78aab5145ee64ff3f9c8071d12f9c8
image_05609_bf16_pair_boundary_v1,feed_kc_state,a4eeade6be670418f8712d2728333c43f05c680176010589eb795c99d5ddde76,8d8c660aeefa9191ad8492a9ed404c904c78aab5145ee64ff3f9c8071d12f9c8
image_02878_A00_v1,native_kc_state,46a172ec5c223e6528c86facae8ba70a23fb2deebf0c3aadddbf72c32d174a77,78abdcfe15d2f82f6b507b49ddcfe121979e7991ad96e97763c77bc4c45ae231
image_02878_A00_v1,feed_kc_state,46a172ec5c223e6528c86facae8ba70a23fb2deebf0c3aadddbf72c32d174a77,78abdcfe15d2f82f6b507b49ddcfe121979e7991ad96e97763c77bc4c45ae231
image_02878_A10_v1,native_kc_state,a99114dbdb705d95c92f288c6352c53d6002d50a7dcfb3457ffeb41ff415087a,630b906306fcc3ff38a2540687748e023c81a1e86496b1941b51357c7209e392
image_02878_A10_v1,feed_kc_state,a99114dbdb705d95c92f288c6352c53d6002d50a7dcfb3457ffeb41ff415087a,630b906306fcc3ff38a2540687748e023c81a1e86496b1941b51357c7209e392
image_02878_A01_v1,native_kc_state,2f95cfcf56833b36e6f1698982d3717afaddfa1de4aba37b196084e5dd1554f1,ecb56023940f5cf4acf898d4097854e72bee8370c7b43f66fc3c46bb6ba29249
image_02878_A01_v1,feed_kc_state,dd32eee04916eb0d0a5e7a08972ef2edc4aaa8dc83766ad251ee4e73de447ba4,ecb56023940f5cf4acf898d4097854e72bee8370c7b43f66fc3c46bb6ba29249
image_02878_A11_v1,native_kc_state,99514723e006fc8e14ed430ad7e50f113bb54d25b57071500f228e4689385dde,a6d798f129ff972c9a99a17c34b3789d01300c7d16fbd80f378bc4af9f54776a
image_02878_A11_v1,feed_kc_state,fc7561b40d364e5484a048bb739da2f22409be8f3b8d67cc569487ddad2427c1,a6d798f129ff972c9a99a17c34b3789d01300c7d16fbd80f378bc4af9f54776a
image_02878_fp16_boundary_v1,native_kc_state,bcc9be8d947f407a15c98e1e96c37ddfdcd37e7b64a4246bdc752780d284f78d,8b75fa3dae850fd0af0788b3b532f4317f012835b1d4783e5a37311fb60a76eb
image_02878_fp16_boundary_v1,feed_kc_state,778ef307168efaec236317c564abe5a7414148981044153b74461d0ae324c847,8b75fa3dae850fd0af0788b3b532f4317f012835b1d4783e5a37311fb60a76eb
image_02878_bf16_pair_boundary_v1,native_kc_state,f52974bfd28ce791229997cdafbd4093f1e707052709e9814086d29a41fb11b3,bc69d3e5082bd4607a2b24e133c009a76b07047434d347d98ecd81dcfd5028bd
image_02878_bf16_pair_boundary_v1,feed_kc_state,44e60515b43c093eae9e956293d8c6a6a4cffd547bcbedbe67593df36f1b2a6c,bc69d3e5082bd4607a2b24e133c009a76b07047434d347d98ecd81dcfd5028bd
image_02000_A00_v1,native_kc_state,eb518032c88633e17c64b5318330f44c06aed3750298675d096ff6debadb84b1,1da73de9dc7a30053650fd70a3c6f86772845e8b2603cb6fe449d4fd64fc57d6
image_02000_A00_v1,feed_kc_state,eb518032c88633e17c64b5318330f44c06aed3750298675d096ff6debadb84b1,1da73de9dc7a30053650fd70a3c6f86772845e8b2603cb6fe449d4fd64fc57d6
image_02000_A10_v1,native_kc_state,bcd48cb42ea47786a11851d6224e0340e1227638242c2ac364a305e350f22920,ba1480137ad8e59b3ac737cb9e9d83e4b2793f0f5c53a9c8fd1a2c48280fc280
image_02000_A10_v1,feed_kc_state,bcd48cb42ea47786a11851d6224e0340e1227638242c2ac364a305e350f22920,ba1480137ad8e59b3ac737cb9e9d83e4b2793f0f5c53a9c8fd1a2c48280fc280
image_02000_A01_v1,native_kc_state,2c1cd984bf85cf468020175263d285a375f303fa78aa6d0f336180c143e233e8,80b04859bc90de2302738f4953689764be4a756fcef271cafb0041481181e1e4
image_02000_A01_v1,feed_kc_state,c9caf771dcc717509eeed3a18b10593f1b5e21d46b351310984bbf161853c501,80b04859bc90de2302738f4953689764be4a756fcef271cafb0041481181e1e4
image_02000_A11_v1,native_kc_state,f17ff67ff7b09c17e5d27ed306b1a575922e8e76d065516797fa464e299ff642,72f6fe5df1896ef09e08e4ce82a54d409c5b27fd572a9fc5c34440442598c4a0
image_02000_A11_v1,feed_kc_state,83079756e0cb479c249453014ad58ac5c058ddbf801c04c53c0a2f60ef82c977,72f6fe5df1896ef09e08e4ce82a54d409c5b27fd572a9fc5c34440442598c4a0
image_02000_fp16_boundary_v1,native_kc_state,81eaa377f06451060c267d9fffa2fe2cd2742213a53a7af341950b1b7e43742c,97e53adc8e02e40e38df4bc2fccf71db73283919fd4a2db7b0bcd0e815aba59b
image_02000_fp16_boundary_v1,feed_kc_state,5ca523a8c73729785c718ae648426fcf48af88874174ddf8744a18b3cb38f8c9,97e53adc8e02e40e38df4bc2fccf71db73283919fd4a2db7b0bcd0e815aba59b
image_02000_bf16_pair_boundary_v1,native_kc_state,1b7712a5dd9edd947b4c87c771cefcd614e9eef0ff6a3df46a46c0b2f9b2b206,6e1f8e9eba38089c02b00b6d0a09cb8a25e5e41b9e07828154260931e714a847
image_02000_bf16_pair_boundary_v1,feed_kc_state,26fd2e69a8c2d49ea562a15afbe563fd378fc109503014e991e68073699a7ffb,6e1f8e9eba38089c02b00b6d0a09cb8a25e5e41b9e07828154260931e714a847
image_01916_A00_v1,native_kc_state,210f83eb3695c157196754f296b4fec0abcbbac3c9ad044d10bd810fe53748d4,4ce765302538d7d12f9d05aa98b3e88d878df2652a03694376108a5d6447eb6e
image_01916_A00_v1,feed_kc_state,210f83eb3695c157196754f296b4fec0abcbbac3c9ad044d10bd810fe53748d4,4ce765302538d7d12f9d05aa98b3e88d878df2652a03694376108a5d6447eb6e
image_01916_A10_v1,native_kc_state,00946f026673f9d20ef0a8d13d34fb89a3ae8054bcd71174cfb48a9e9c69052a,2f17ee24221ddf8f84a33d895079877a00bd49e9bbf9ebcae47049702f214bc1
image_01916_A10_v1,feed_kc_state,00946f026673f9d20ef0a8d13d34fb89a3ae8054bcd71174cfb48a9e9c69052a,2f17ee24221ddf8f84a33d895079877a00bd49e9bbf9ebcae47049702f214bc1
image_01916_A01_v1,native_kc_state,ccef3995a91bfa6c9f8b295a7ec486d3b27c71965fcf60b9274eb186a77a0bec,9ae4254dabf24849c05f8f5881c1a83d4e7c484ac20da7827c1274f12877c747
image_01916_A01_v1,feed_kc_state,9ecd3080d61dcad7a5da79bff9547ba15184ca1d3e1ae96a9d1192a7709b6b0d,9ae4254dabf24849c05f8f5881c1a83d4e7c484ac20da7827c1274f12877c747
image_01916_A11_v1,native_kc_state,df439cb13e8416405e18164e66009d23c8cc7ba8494513e7e7b016b23149c195,9d6ed32b2d5e105def89f319213d48c70248f3eddbc7e74cdb4ea4042772bc68
image_01916_A11_v1,feed_kc_state,8a5478219f0da7efbef74d67efd972179f5aa2005568d97f41f0e34cafe520f2,9d6ed32b2d5e105def89f319213d48c70248f3eddbc7e74cdb4ea4042772bc68
image_01916_fp16_boundary_v1,native_kc_state,52930f7b82699de7bcbc607330439a09c7404c41ca2fcdcbda139b82a7778841,9653aeeb65a530995321215b4c4c8a485a15f13a48c4bcfa6d8742cf1a08604e
image_01916_fp16_boundary_v1,feed_kc_state,a0dd3aad28ff70a4f499957a31ee829278b5628ae35d893a3a95da1496512f9e,9653aeeb65a530995321215b4c4c8a485a15f13a48c4bcfa6d8742cf1a08604e
image_01916_bf16_pair_boundary_v1,native_kc_state,83d4fcee65801e2b26d556c8ceb34860c3e90826dcbc1b35cacaeb5cef410377,0337f4884bf2165031f4a35c73566e729e81b231481cedb7e1cf5df8a3e15c18
image_01916_bf16_pair_boundary_v1,feed_kc_state,8df0b7b0552807f56b89473b2027d540c9cb520d18c39c393f2ca82d39457b07,0337f4884bf2165031f4a35c73566e729e81b231481cedb7e1cf5df8a3e15c18
image_01722_A00_v1,native_kc_state,57fbff2e127f58f5970448fa6716809929d9535d02a47b565dd0ceb868507138,d5abb8d93a1c76c53f56101dab7a62c558783c5f20bc3ec8b05db4569f22f95d
image_01722_A00_v1,feed_kc_state,57fbff2e127f58f5970448fa6716809929d9535d02a47b565dd0ceb868507138,d5abb8d93a1c76c53f56101dab7a62c558783c5f20bc3ec8b05db4569f22f95d
image_01722_A10_v1,native_kc_state,acf7d48aaf6fffba4d0f4a57067764af2720cbf39abba9233b45d7cf08f0461f,5fb463a72a107b9008874520cf9db86afdb54e8755d6cbe216004ebd616af471
image_01722_A10_v1,feed_kc_state,acf7d48aaf6fffba4d0f4a57067764af2720cbf39abba9233b45d7cf08f0461f,5fb463a72a107b9008874520cf9db86afdb54e8755d6cbe216004ebd616af471
image_01722_A01_v1,native_kc_state,27dac9a626d2febc7b3f94dccd1624dab81a1a80f3d6b3fbbceaeda8d0727d85,6be62cf644d371d636018d94b2cd176b6480f808a63a7b6e2a1975e0b90329b3
image_01722_A01_v1,feed_kc_state,6defb629c3e5c56768bdae3ab113a79f765b27e8b31bb735c3a276b44f7c772a,6be62cf644d371d636018d94b2cd176b6480f808a63a7b6e2a1975e0b90329b3
image_01722_A11_v1,native_kc_state,4c242b2a0575563ed7975446a532e0cec240b77c5d51e47fe4496d09a8e2338a,ebf3d60224443b5a4f98026ef6e58f706ed27dd26069fd2627826b5eecf1e3d8
image_01722_A11_v1,feed_kc_state,09cf20e954178b108dd09ee78e189b3e93056e8e94d313688feb78fb5853b5bf,ebf3d60224443b5a4f98026ef6e58f706ed27dd26069fd2627826b5eecf1e3d8
image_01722_fp16_boundary_v1,native_kc_state,44a19c5f34f9d2d452a30420be1682be575c3c8e489ce0d5db09df520f927d03,cda66c2d13a1074887806a466742020f20b5bed8b95c0e40ed9f83638d0024f8
image_01722_fp16_boundary_v1,feed_kc_state,a456fcfb4ebf0afb2c22f5a7c815c974029526cce6e805488d1787cf2ea1013d,cda66c2d13a1074887806a466742020f20b5bed8b95c0e40ed9f83638d0024f8
image_01722_bf16_pair_boundary_v1,native_kc_state,328dcdd7b9a6ca11155fecb7483942a477f6247e570d3ef0e77f3ed6b6103a43,f8d2680677f413991345a303ca740b300ec321a987e13d475612227aca479613
image_01722_bf16_pair_boundary_v1,feed_kc_state,79fdeea271ad39fe5bcf2c61d380ed11d7438abd4f91d5f1c4db6668769fc3f8,f8d2680677f413991345a303ca740b300ec321a987e13d475612227aca479613
image_09365_A00_v1,native_kc_state,e572a65d457cfbb2c6757b5c3073a5ebb453b071338c644d177dacdf8d4c488e,4bc38eecf413d19e879fa2db733211ae83eaa9438c3e8bb23137fce0637f003e
image_09365_A00_v1,feed_kc_state,e572a65d457cfbb2c6757b5c3073a5ebb453b071338c644d177dacdf8d4c488e,4bc38eecf413d19e879fa2db733211ae83eaa9438c3e8bb23137fce0637f003e
image_09365_A10_v1,native_kc_state,ec7e5232e8c19d84a599e01bb43e9cc4f2192dbd22c7b9bf3c3e4620c60e3c62,4d1e267754cbcae927aa3bf839ecf9bdbb18204f020252b4c641d01ca0c167f6
image_09365_A10_v1,feed_kc_state,ec7e5232e8c19d84a599e01bb43e9cc4f2192dbd22c7b9bf3c3e4620c60e3c62,4d1e267754cbcae927aa3bf839ecf9bdbb18204f020252b4c641d01ca0c167f6
image_09365_A01_v1,native_kc_state,12132112f1ce935e0f514a5df79afdba82f0e5cbb4990a0d08a29e4cb021be02,6b6fdbd1fadc1eec973124522db0e772b12c8e52b4ce76b85b1cd6a569e89ca6
image_09365_A01_v1,feed_kc_state,4f798a5ec03064a5f84c9b6232ce15e853d95066a751ed04dbc3041c40f8d7ec,6b6fdbd1fadc1eec973124522db0e772b12c8e52b4ce76b85b1cd6a569e89ca6
image_09365_A11_v1,native_kc_state,7827425d3b05cc5427f32970d74f735d572a228cc73e58606e2645b95cef68d4,a40e8375b2de51c967f10d1fba66d7c5223c4de962f129756091daafc7df2560
image_09365_A11_v1,feed_kc_state,941cc4727fee79876a3d776e325c4b04516511ce2b7f0d13ea9a1327e40df05c,a40e8375b2de51c967f10d1fba66d7c5223c4de962f129756091daafc7df2560
image_09365_fp16_boundary_v1,native_kc_state,96e6fc5c04d2e6b0a97cd68313685b3cc2cb843248821bc4f3b20adfd105ef51,0f85202e94090f56aa9f43239a31892348358ca45570ff5232b65dda22cfcca9
image_09365_fp16_boundary_v1,feed_kc_state,6c9749cfa132fb5860fa2f04b9283f01dfef8595ec9f4664d0f4056e7ee04c5a,0f85202e94090f56aa9f43239a31892348358ca45570ff5232b65dda22cfcca9
image_09365_bf16_pair_boundary_v1,native_kc_state,f1da1d54014a65618d78886accbee8e647f2ef9c22a57b3ff67ffc0a8911b18d,7b206e052e4910b4b4d12289dfdbe6acd81654afa6ad8a9fa00b89b8332187d4
image_09365_bf16_pair_boundary_v1,feed_kc_state,690bb9550101581d187d2b3e30d4bf10ca478b6aaafc99f56258dc40cfbd65e3,7b206e052e4910b4b4d12289dfdbe6acd81654afa6ad8a9fa00b89b8332187d4
image_08228_A00_v1,native_kc_state,e41c9ae32852ed894cb40ea67f5e00e0dac2ec02de536ca36473ea65cd7dd1fc,61ae667cf1f8954cf1a304494d4ab56726ed0a302acaf6f23783345eb1d6d686
image_08228_A00_v1,feed_kc_state,e41c9ae32852ed894cb40ea67f5e00e0dac2ec02de536ca36473ea65cd7dd1fc,61ae667cf1f8954cf1a304494d4ab56726ed0a302acaf6f23783345eb1d6d686
image_08228_A10_v1,native_kc_state,91ef3a511c6c692b7f8d2fcf35019425ed67acda0ef9619ef554607cfe485c26,744a2e735885a292a9360130a776c7353aef8b2a60929c10d585695a2f436842
image_08228_A10_v1,feed_kc_state,91ef3a511c6c692b7f8d2fcf35019425ed67acda0ef9619ef554607cfe485c26,744a2e735885a292a9360130a776c7353aef8b2a60929c10d585695a2f436842
image_08228_A01_v1,native_kc_state,330bbfce132c648d36604fe3a667c9ce9b6e6f3a3667b83d375137be27e4ef09,384ba257c7c66ef6f65193934a55a4cee244c65eab49dc851ea3726a5ef6a4dc
image_08228_A01_v1,feed_kc_state,bc30b80c6c95aed2267d209a1146475c4a3003c63a4b0df9131b2d313499dcc0,384ba257c7c66ef6f65193934a55a4cee244c65eab49dc851ea3726a5ef6a4dc
image_08228_A11_v1,native_kc_state,73d348902228c8de3754909ff92d6a9ce5df847c39512591a9f08a4a5edd4056,a1e319bea6cce5e848e3f0eb9d88d5e450ab7ed37e588641986f0f0168d91959
image_08228_A11_v1,feed_kc_state,21fa3c333c41f8809890708be62f92941d38ceb1eca8a8edbc75e8328e145ff0,a1e319bea6cce5e848e3f0eb9d88d5e450ab7ed37e588641986f0f0168d91959
image_08228_fp16_boundary_v1,native_kc_state,7396ccab6d0be1ef5725845307e1ac58a52b4607b8f81bb48b55bdfd7a021266,790ecac727a54830a4077293904ce180cf33d1b5f4756b52c61b72f6767feac7
image_08228_fp16_boundary_v1,feed_kc_state,8e0b32530d509dbe519ef014351cd122fd4b2dc0176c8f68af312c9e78f69e77,790ecac727a54830a4077293904ce180cf33d1b5f4756b52c61b72f6767feac7
image_08228_bf16_pair_boundary_v1,native_kc_state,de7cf4001e2cfa0c7f3c858bd53d8064c09c7578c462f7b599366d3ea85b90a8,075af3bcdaf3467bd4a42c032c82255dae303fb09c4b0164c039234380e091d2
image_08228_bf16_pair_boundary_v1,feed_kc_state,0fa825d524edc5b76044c4af2baba9d1952ee7feb93510ad587faa405f0f6df0,075af3bcdaf3467bd4a42c032c82255dae303fb09c4b0164c039234380e091d2
image_09961_A00_v1,native_kc_state,5ae745909524faf42d3f261f23e93044f8ca39693447861122869665b7b70bd7,8be2f98b6b8d5f68e359b032cbd1c5d0a4f84f669dc0f2697f4a37d1d63ab349
image_09961_A00_v1,feed_kc_state,5ae745909524faf42d3f261f23e93044f8ca39693447861122869665b7b70bd7,8be2f98b6b8d5f68e359b032cbd1c5d0a4f84f669dc0f2697f4a37d1d63ab349
image_09961_A10_v1,native_kc_state,d6ecffe78df96562b736a44604edadc662427867fe340a582adbbfb072b56b71,d686c9418c16437a564d3e06cfe326aa07eda583ef3dc1611eeb47d231b9b406
image_09961_A10_v1,feed_kc_state,d6ecffe78df96562b736a44604edadc662427867fe340a582adbbfb072b56b71,d686c9418c16437a564d3e06cfe326aa07eda583ef3dc1611eeb47d231b9b406
image_09961_A01_v1,native_kc_state,d21afe889d070ced521f9901c3e6f52c9a12e682113b86ab2efdb0dea3299e5b,e18306a899ee4773883fde4ba8d6ebb40c910f7957af1e762efff972ed232465
image_09961_A01_v1,feed_kc_state,2b1ba0f805dbfafa8a42086357c23130fe19913a0dfe2e76dbcda1a198eccf08,e18306a899ee4773883fde4ba8d6ebb40c910f7957af1e762efff972ed232465
image_09961_A11_v1,native_kc_state,27a350f4f7ebfe636edea4d83b113334dc2edf15b5420b9c4215ffef5037ba2b,fd97a466e678553d5e27d56a0c6478c02d099f0fd57679aa4bf729e27a83ee2a
image_09961_A11_v1,feed_kc_state,2b6555d2eb6bff05f9d673b76ef4bf82cfc4d8c58ffeb9403ce6779dcb459f4c,fd97a466e678553d5e27d56a0c6478c02d099f0fd57679aa4bf729e27a83ee2a
image_09961_fp16_boundary_v1,native_kc_state,20ddadea5bfbe99db6d2a35282d658774495a5d72bf0847ee4b5c92532d10330,c9b5e592126e260859d79316d668a8cfa43d28065f249a8ffd1334e7bcd46e85
image_09961_fp16_boundary_v1,feed_kc_state,197e438cdda4abe73f66b92922513089e6ee865bc7f4516386fa1d7a9ed24b31,c9b5e592126e260859d79316d668a8cfa43d28065f249a8ffd1334e7bcd46e85
image_09961_bf16_pair_boundary_v1,native_kc_state,6e05ca0d2440eb97e522e67e4c711d87bc1df2eebcdc6cbd74dd18da6e29b79c,b0cfce84d27cca9e0b7c611cadd2dc9ea7dc9c3c084f3e6930d19a1087537ad5
image_09961_bf16_pair_boundary_v1,feed_kc_state,94ffc09fbefcdc1a354d555a91115e125888621b241f3a14036dd9f68d383592,b0cfce84d27cca9e0b7c611cadd2dc9ea7dc9c3c084f3e6930d19a1087537ad5
image_06707_A00_v1,native_kc_state,a194430c77060d9bafb334b6b487011c1dcad926ca38748003ecd986829aa07c,f55b1bf111899f24238edc8867744283f0d3bc880945a00f8f4243e233135130
image_06707_A00_v1,feed_kc_state,a194430c77060d9bafb334b6b487011c1dcad926ca38748003ecd986829aa07c,f55b1bf111899f24238edc8867744283f0d3bc880945a00f8f4243e233135130
image_06707_A10_v1,native_kc_state,26e40b0e60383283040c4cdd9b9fdc1af41496dfca717aa5f24272fa2d9dc222,157ae2378301b0745b0829c0fed514fa338d545c24f69c5dce6a8a8239d6ca5d
image_06707_A10_v1,feed_kc_state,26e40b0e60383283040c4cdd9b9fdc1af41496dfca717aa5f24272fa2d9dc222,157ae2378301b0745b0829c0fed514fa338d545c24f69c5dce6a8a8239d6ca5d
image_06707_A01_v1,native_kc_state,e2c4525ea0303c161c269634013719ddeaf0424b9fbe35a1f912f0496a897c72,c99fe8eb8c0ef36754ffa3ad2dd4b64fdd318e2bd97e803db6811e2e0af31120
image_06707_A01_v1,feed_kc_state,c8d1cb1b1481a62bbaf10c4da3bf0fcace0b9b3c2dcbe1b00f1a8e4af8b91bd1,c99fe8eb8c0ef36754ffa3ad2dd4b64fdd318e2bd97e803db6811e2e0af31120
image_06707_A11_v1,native_kc_state,9a307ef8a9ae3a4ce594d3807c888168070bcf6e3a1a266535f06041bbc3f08d,0e6b0a580046854ecbf362eb9589d26b02ff79ed5f954f8824f4024a30fe5330
image_06707_A11_v1,feed_kc_state,df36bb9a36353280c1e81b385e05ad82fc6ab0d8afe2bc6fc18e9add61b762c2,0e6b0a580046854ecbf362eb9589d26b02ff79ed5f954f8824f4024a30fe5330
image_06707_fp16_boundary_v1,native_kc_state,c313f2ede81ff677bd7b6add49f3c885fd9a24282c1ac713c7d896d8563a6dfa,141b9d29bde56036cb3147fc7a554e50a83f0e288baa0ac807406444a6a039c4
image_06707_fp16_boundary_v1,feed_kc_state,7350fc24f7c42786aaf88b33c93f6ebea68cd9a23269eac8ba37556db1d1e05f,141b9d29bde56036cb3147fc7a554e50a83f0e288baa0ac807406444a6a039c4
image_06707_bf16_pair_boundary_v1,native_kc_state,5c3fd6a74cddd85ea3e4af97d4a99ed51ea3a47771768bd225a0cfadcd19406e,b47501a7ee9f191fb69615e7b1751afa05bc58ebf397403de8555a5ba9941122
image_06707_bf16_pair_boundary_v1,feed_kc_state,f24cdd4ccd7f5dd44232301a551e97e23495f84978cd36d06ae0659ad52c778c,b47501a7ee9f191fb69615e7b1751afa05bc58ebf397403de8555a5ba9941122
image_06680_A00_v1,native_kc_state,308b365b7649fbdb0512e9bbb3bf034c0e47a8971bc5114a72745a1204719033,019ed42e1c974f9ec7eaa50fba8fdef630ceea4bd4855524e30df68a498be39a
image_06680_A00_v1,feed_kc_state,308b365b7649fbdb0512e9bbb3bf034c0e47a8971bc5114a72745a1204719033,019ed42e1c974f9ec7eaa50fba8fdef630ceea4bd4855524e30df68a498be39a
image_06680_A10_v1,native_kc_state,7d33be857777d005082994ab5ecd10d4b4cb2d1651c8da1e704158844721a69e,4a290aa6b3b43c689d374e11353b0699f16775088610c9dd6f7d2d9f292ff569
image_06680_A10_v1,feed_kc_state,7d33be857777d005082994ab5ecd10d4b4cb2d1651c8da1e704158844721a69e,4a290aa6b3b43c689d374e11353b0699f16775088610c9dd6f7d2d9f292ff569
image_06680_A01_v1,native_kc_state,3e6a2b495715df8658c8ec30710d06c2ff3f0cd47e323b2c0ccaa2f88e54aa29,86e3bf888513763451edb12b5921c08e9eeb682f7b5100af31e72303d9ce0e96
image_06680_A01_v1,feed_kc_state,3e302f3e7b83c52f2ed02e37f1b7cfdfd1b336ab4ab2ef10a28dc15199d4bfbc,86e3bf888513763451edb12b5921c08e9eeb682f7b5100af31e72303d9ce0e96
image_06680_A11_v1,native_kc_state,0994371968392dcde8e9d0f3bf91c898e87f332b0985e76418e31c35b98a96aa,fcb721bea276912165227866d03ead5bc5250e0649809909b44a77ffca72f1e9
image_06680_A11_v1,feed_kc_state,3463b2bfc704f8f8544d12ac8a613996f238d0ed2d6a21fb7e57ab60c03a503f,fcb721bea276912165227866d03ead5bc5250e0649809909b44a77ffca72f1e9
image_06680_fp16_boundary_v1,native_kc_state,520bc36ff808cdf0c5e2ae27cbba2a0b4476fca7301953ab296aa7a0b4838289,2ea1f806afcc087bcff2c72d025a1d48c3ff50ebeae5de6b484e11d95fae5419
image_06680_fp16_boundary_v1,feed_kc_state,6bc9619433cace844b7b20670e8b7dcc1586b3a745f5378fa6bdff343cf2afab,2ea1f806afcc087bcff2c72d025a1d48c3ff50ebeae5de6b484e11d95fae5419
image_06680_bf16_pair_boundary_v1,native_kc_state,1b6e71a71d661577f770ae706e9bdb8fe5626be9468a7b2a280b1d0e5ecbe73a,57e63822e94f38ff4442e340d8c6e064e1cb8bf14fdc34ba0e033ab5a1d6db9f
image_06680_bf16_pair_boundary_v1,feed_kc_state,ebbccd3923285e88b3a5769a2a466f8ab9a54632706ab43e63c77feb2aae4e0e,57e63822e94f38ff4442e340d8c6e064e1cb8bf14fdc34ba0e033ab5a1d6db9f
image_00144_A00_v1,native_kc_state,f49c52f35f5d95d4451e8fb98a6abf1d5c4741cb428cdbe40b7e58e4f8ef60a7,7db2b98274ed115aeb440e71891d40129436e8587ba5a8755c233842ec1f6965
image_00144_A00_v1,feed_kc_state,f49c52f35f5d95d4451e8fb98a6abf1d5c4741cb428cdbe40b7e58e4f8ef60a7,7db2b98274ed115aeb440e71891d40129436e8587ba5a8755c233842ec1f6965
image_00144_A10_v1,native_kc_state,c2415c8d23029d310c582c7d154e18ebe1c501c453943f4b29965b88dbc7d3d1,9f7741a1b15ef51a92daa76960ecddfacb1113bc6467ec5849dd3b81ad244d5e
image_00144_A10_v1,feed_kc_state,c2415c8d23029d310c582c7d154e18ebe1c501c453943f4b29965b88dbc7d3d1,9f7741a1b15ef51a92daa76960ecddfacb1113bc6467ec5849dd3b81ad244d5e
image_00144_A01_v1,native_kc_state,cbdaf8b858e3ef0a0aba259e9e3be6d2abd7de55c7231bbe5e2987b91861fdd0,398967418e7e755c7b9f2dc3ecc444a5eb8040fb467cd567a73c1bae6d73f475
image_00144_A01_v1,feed_kc_state,845b4c50909a825945757c48b4a91361290b2014d2d7dfff7df11dabd73a6376,398967418e7e755c7b9f2dc3ecc444a5eb8040fb467cd567a73c1bae6d73f475
image_00144_A11_v1,native_kc_state,6fdc601ee810ab9abadcc95dcd5472a207c7ed9f25d71e711d032851c4706f92,49ff019e24843e738baf48d9011ce1febf6f7b9c70f2326c5e6926ad438e15f0
image_00144_A11_v1,feed_kc_state,88502500acfd779eb94f83890422af12a10709002f0c84359edf4d954e0e8a70,49ff019e24843e738baf48d9011ce1febf6f7b9c70f2326c5e6926ad438e15f0
image_00144_fp16_boundary_v1,native_kc_state,f426941de6c1256b10d5f82df61609ade0155b9c005fd5eac9951d13680d3794,d68ca252413ea2fdbe496c2da546b33f96124c7a73599468a28c8717202c7eb3
image_00144_fp16_boundary_v1,feed_kc_state,772ca296510dd06f341a2ebdcd68ab2e12e0590d4b670008eaa6aded11335575,d68ca252413ea2fdbe496c2da546b33f96124c7a73599468a28c8717202c7eb3
image_00144_bf16_pair_boundary_v1,native_kc_state,edc6d05f937a239de38096e2da0f1bfc1d362e26fbe2486188929be84b865ba5,de7264e590084c4c52f4331bb21df2ce1d9ebf9044be47d75377adab7b662e08
image_00144_bf16_pair_boundary_v1,feed_kc_state,cf8d8f7fbcb0130a793a8dc714758c9bf355095099234cf5ddc820227cd318af,de7264e590084c4c52f4331bb21df2ce1d9ebf9044be47d75377adab7b662e08
image_04697_A00_v1,native_kc_state,e63ac6376050cba99ceaa603d160d4193672b3ecad082a03f30fd85249c554ee,a8c3cd264e9944d22337293c2d6e9c0bea8067ee0a47c2d0fa869dd8c28a4aef
image_04697_A00_v1,feed_kc_state,e63ac6376050cba99ceaa603d160d4193672b3ecad082a03f30fd85249c554ee,a8c3cd264e9944d22337293c2d6e9c0bea8067ee0a47c2d0fa869dd8c28a4aef
image_04697_A10_v1,native_kc_state,822a51bcc66ec53e813ec21d8fe85b6101346596e6ff6458fdb01ea462a7ccad,09d55a7a88eddbaad6af7c37d552cdf05392415046024ac6580292f7705a31cc
image_04697_A10_v1,feed_kc_state,822a51bcc66ec53e813ec21d8fe85b6101346596e6ff6458fdb01ea462a7ccad,09d55a7a88eddbaad6af7c37d552cdf05392415046024ac6580292f7705a31cc
image_04697_A01_v1,native_kc_state,cc8fb22a6110e6399fbe3b38e448fea3217c6b388e0a92358800a926315ad956,c9b9c616a7b63491a98a934a44832fa920ea01b45e580ec828145543948679c3
image_04697_A01_v1,feed_kc_state,f4e1da09efe3c30ee0202e29777bf56201358e1d4c832f7d2aecb56c3e5d10b8,c9b9c616a7b63491a98a934a44832fa920ea01b45e580ec828145543948679c3
image_04697_A11_v1,native_kc_state,37b1bf50ce21c1f9ade3bbea64ec4d5fe26e08d6725b148fa920a4ac5159b4e2,ac09c57af00e1909e0df51824ce353a59e7307506f96e7694cb141d54823a6ab
image_04697_A11_v1,feed_kc_state,13947b1131d0f8b92c919eccc4aaeea540c939b282c8585ccca49023f46f8041,ac09c57af00e1909e0df51824ce353a59e7307506f96e7694cb141d54823a6ab
image_04697_fp16_boundary_v1,native_kc_state,6ff6477daf4ec495a940b009d7e116f9b1c1cc5d792ef9a842effe53f0910a61,df4459fd2dee8b08efe5c30a4fed9c563546c23967088453b4a8046605fc8bfe
image_04697_fp16_boundary_v1,feed_kc_state,a28a64fe49af79a1c080b316ecdec1a57ca0d639583f4e17afbff8b2d720b2f0,df4459fd2dee8b08efe5c30a4fed9c563546c23967088453b4a8046605fc8bfe
image_04697_bf16_pair_boundary_v1,native_kc_state,db3209d965f9f5fe1932d4f6b9e6b10fc8eb37f32858f09a8afb98484eeea6b3,66ab67ec8128b5cd3903ee38e90d437428cc0a517602104d87377c03f0bcbe2b
image_04697_bf16_pair_boundary_v1,feed_kc_state,7e88cbb5478efb0d716a22f46a765101b731444dbd63ed1cbc6743200cecaed2,66ab67ec8128b5cd3903ee38e90d437428cc0a517602104d87377c03f0bcbe2b
image_03921_A00_v1,native_kc_state,038c5df2c731a6867fc42a4bc81410d23fe24293c1d16faff474ecb1b05abe50,bd3e3cd2fbd01ecea7f631b2ed4aa8519b43a49cfc399337194e5a39f05b7429
image_03921_A00_v1,feed_kc_state,038c5df2c731a6867fc42a4bc81410d23fe24293c1d16faff474ecb1b05abe50,bd3e3cd2fbd01ecea7f631b2ed4aa8519b43a49cfc399337194e5a39f05b7429
image_03921_A10_v1,native_kc_state,e787f38a6db6c43e4ba663926c2b053c5044583b478aa698d58cae09e30eb6d3,f819e1a531ecbe83833b49df9f34a77ebf642f237e3cc82ca4b68db8bd071cbf
image_03921_A10_v1,feed_kc_state,e787f38a6db6c43e4ba663926c2b053c5044583b478aa698d58cae09e30eb6d3,f819e1a531ecbe83833b49df9f34a77ebf642f237e3cc82ca4b68db8bd071cbf
image_03921_A01_v1,native_kc_state,94ca2d6bf5f2a090d0d5ff7a2e757ccd83958cfd0998afc0ab21fda1c444ecdb,8112aeca710af7f0010eb595ae6dbf3570b61b4a1a27e67facde8df553f9c7a1
image_03921_A01_v1,feed_kc_state,38e765d5ecf2c50570c181f7563fa175aa2f44063050e1eb428d84ff01a97358,8112aeca710af7f0010eb595ae6dbf3570b61b4a1a27e67facde8df553f9c7a1
image_03921_A11_v1,native_kc_state,8df51dd196cab9ded0ef9351a7d6dfbb41e3029206d95e0a65074492a2e233be,ad18e76e7c118eda748cf2eb9c44454f3356a0da71c3d79d191f9a9c7f0472ad
image_03921_A11_v1,feed_kc_state,26dc011e1d33ba9bf0ef285f145d6e6885428beca6c976653cde422bf5dde19d,ad18e76e7c118eda748cf2eb9c44454f3356a0da71c3d79d191f9a9c7f0472ad
image_03921_fp16_boundary_v1,native_kc_state,4df23721e50ecb1fcc67e5563d87fe34831e0c38a5b2caecd7893163aa6ba422,f29daad04dd94d3f27378cad3941a45a15b3380fd518c07f79ad0f3cf6bc37ce
image_03921_fp16_boundary_v1,feed_kc_state,26aabf41c5ea8d17f1e9bfa0455445c11d9b421b38a449309c3a300416dd8372,f29daad04dd94d3f27378cad3941a45a15b3380fd518c07f79ad0f3cf6bc37ce
image_03921_bf16_pair_boundary_v1,native_kc_state,39d820e9f41f8d288f7eba39ef597f358173d550aca3e9ac48b5fcfe7d0c8ed6,46a3a1ceadfb355b2e12e468bd2c1f458c49f8a01af26e6a9c8e16381cda2504
image_03921_bf16_pair_boundary_v1,feed_kc_state,2754acfe35a9a625cabe5ec0617586eb4459a0854715b63f6454ff596a642075,46a3a1ceadfb355b2e12e468bd2c1f458c49f8a01af26e6a9c8e16381cda2504
image_06374_A00_v1,native_kc_state,914e048b0fc1674c2d8a969de9107ed8d8ebb67b02406649f0bb5a51be3ce5af,dcdf8bf067a9acec1ab8a533580190ddef04a6c7d3959c30d86d3d0cd9d08ba3
image_06374_A00_v1,feed_kc_state,914e048b0fc1674c2d8a969de9107ed8d8ebb67b02406649f0bb5a51be3ce5af,dcdf8bf067a9acec1ab8a533580190ddef04a6c7d3959c30d86d3d0cd9d08ba3
image_06374_A10_v1,native_kc_state,1e736bb8d0e8c641e1bd358acdb87c5c9635515d330880c04231272a69bc2bfa,d27b24aa481585df3a19dfd24f53cb72bcd9229c56613dad00c75365914a7614
image_06374_A10_v1,feed_kc_state,1e736bb8d0e8c641e1bd358acdb87c5c9635515d330880c04231272a69bc2bfa,d27b24aa481585df3a19dfd24f53cb72bcd9229c56613dad00c75365914a7614
image_06374_A01_v1,native_kc_state,c77f41f8b7344b4c442be5196bb39a6cc2672a606d519f96693776266e19768f,e4ad2311c9dd6e463834fb811baa570094b49cd9e03eabf936de4843c33c9583
image_06374_A01_v1,feed_kc_state,7d6f3569d9af0cc233aaf28b03c27c085594df4d801964a913929a87a6db945a,e4ad2311c9dd6e463834fb811baa570094b49cd9e03eabf936de4843c33c9583
image_06374_A11_v1,native_kc_state,85499f10230b20715e5f7c07b24755bbd866dfb201c2495b3e90c4105b07f495,ab339487e1c98348a247b21d81521e34b2a560dfc6f8db83fe0645f3439eb258
image_06374_A11_v1,feed_kc_state,3de5637f76e91aa33009d9fc9af429be2465bf7cb5c5814e05ef4f3d30457d8b,ab339487e1c98348a247b21d81521e34b2a560dfc6f8db83fe0645f3439eb258
image_06374_fp16_boundary_v1,native_kc_state,435299b8bc025aa8e0e1c051024115e7b2d2f536dd41c0795f9ec07e6183422c,7a986db1f2d07f8fea79046dfef629d8c6f6f178e718b40ce251f66193f396ae
image_06374_fp16_boundary_v1,feed_kc_state,a9c79d87f3f3f8f395bc9be62ee9a8fdc8a033168c2be6c15a811ae39b4845e7,7a986db1f2d07f8fea79046dfef629d8c6f6f178e718b40ce251f66193f396ae
image_06374_bf16_pair_boundary_v1,native_kc_state,a20d5e0e262b3bb3e88866780d586a3ad48044164b214ca55f7943be2be700b6,702614f3ea334d7c96022adcba6ec7e7301d06abadd8c0f2851afea45514d2f1
image_06374_bf16_pair_boundary_v1,feed_kc_state,0672befa81ba048796c504a949e5ff246424b800dfac99c3635f73ed4a2c778a,702614f3ea334d7c96022adcba6ec7e7301d06abadd8c0f2851afea45514d2f1
image_03337_A00_v1,native_kc_state,2e84ffcba56808955cbc67330358b18acb67883c7a1c3b1a56de8ed13f3b579d,118846f26afdac9200df5c907fbe74eeab04e6448136d6928510edf227c1bce1
image_03337_A00_v1,feed_kc_state,2e84ffcba56808955cbc67330358b18acb67883c7a1c3b1a56de8ed13f3b579d,118846f26afdac9200df5c907fbe74eeab04e6448136d6928510edf227c1bce1
image_03337_A10_v1,native_kc_state,af9420d47be54d141a83a2374121f51078b743b8ea168fc3f5bdf87fbe0ef3df,ad406781267dc0bf33d4f7e7c72055d4017ac3dca67c83f8f4c64d376d0d3e63
image_03337_A10_v1,feed_kc_state,af9420d47be54d141a83a2374121f51078b743b8ea168fc3f5bdf87fbe0ef3df,ad406781267dc0bf33d4f7e7c72055d4017ac3dca67c83f8f4c64d376d0d3e63
image_03337_A01_v1,native_kc_state,3d5a3ddee16ebce2fe1c0b97265510403b730f01fab32f7b83683106f70ba5ed,0eb536aa31d9d470e7c556cf82790d8e8ddb7e41d8fad841e7cd2b8465063234
image_03337_A01_v1,feed_kc_state,390860e7e2bf4dd80564c355396ad3f78560298b0d5b079b210047a2c5220df6,0eb536aa31d9d470e7c556cf82790d8e8ddb7e41d8fad841e7cd2b8465063234
image_03337_A11_v1,native_kc_state,daf0e3b96e33091d46a5bf6f4b6e71e08facb8d8231f29ffd98b08e2db13308d,a1362047de3a6923bb26fb993c80726a15c6210c492fb756f7c4d97dd1ff835e
image_03337_A11_v1,feed_kc_state,85804f44f2ce622cb7175ecc98f90d4b18512f3fe74348d1bfb18fd97c50956a,a1362047de3a6923bb26fb993c80726a15c6210c492fb756f7c4d97dd1ff835e
image_03337_fp16_boundary_v1,native_kc_state,bb0f11c8b9964339045e20124e2f8f1ae94142422bf135c2e94b4dc27936951a,49d6677efdb48b71857ca04d4e2e1206e06798559d8c30cd44c5dc0b2dbd79e5
image_03337_fp16_boundary_v1,feed_kc_state,edacf09d26f7845b542c5c25bdd90118e5e44823d29f2fc51181fec7773f6afb,49d6677efdb48b71857ca04d4e2e1206e06798559d8c30cd44c5dc0b2dbd79e5
image_03337_bf16_pair_boundary_v1,native_kc_state,ad2c515eb97615a12ac05a268fc3399db461b06eb1bcbef91f74babfa7c70003,3cb4bba8b895854f4fb67f84a5efe52e4e7d4c4cf89535e5ffa0f17ea9526404
image_03337_bf16_pair_boundary_v1,feed_kc_state,a418971e4cc565c4f72199dbbab347c7d3f873a1aaaf6ea162f620d0f20c890e,3cb4bba8b895854f4fb67f84a5efe52e4e7d4c4cf89535e5ffa0f17ea9526404
image_09509_A00_v1,native_kc_state,c3d1f2297aa307a9d40bf0acf15bbfaf405e369d820ee18cd1651951faae2f06,91028d450aa0ee172f3c065a23b1b0c385e7fdc82b1fa09facfd2d79620a7e1f
image_09509_A00_v1,feed_kc_state,c3d1f2297aa307a9d40bf0acf15bbfaf405e369d820ee18cd1651951faae2f06,91028d450aa0ee172f3c065a23b1b0c385e7fdc82b1fa09facfd2d79620a7e1f
image_09509_A10_v1,native_kc_state,ae56960cd0a36239cf0a3dc2cc4b147120ec6b9402856a3902a4ac2c9526ddac,11c8bb2a1b4272088bc07c1c8ad17e15f101510220f84093747e9f4ca31038c3
image_09509_A10_v1,feed_kc_state,ae56960cd0a36239cf0a3dc2cc4b147120ec6b9402856a3902a4ac2c9526ddac,11c8bb2a1b4272088bc07c1c8ad17e15f101510220f84093747e9f4ca31038c3
image_09509_A01_v1,native_kc_state,50bee36979e90fa21ad768984b0958336c26ca0f9c47adab78609a0aeda344a6,5a6fda930438d7b7580957f96fc105e0a3486e40dc45b693a1e897fa31bf3c4f
image_09509_A01_v1,feed_kc_state,9c8f76774c83f4801362e7cb7a7631ccec31eea1598a58b3e45cf3f3eb245a75,5a6fda930438d7b7580957f96fc105e0a3486e40dc45b693a1e897fa31bf3c4f
image_09509_A11_v1,native_kc_state,2c799ba09f4124869904487030eb87f2f6a23df26c6862701aca8c7c5182d3ea,5c37760d94c7b27d382ea1d5c6922d225fe553cc1a3b92b418629cec03da00ea
image_09509_A11_v1,feed_kc_state,504e2dba68d3bd0f2a2e00da3a6d4eff578cef94a3112ed99c49f1719ad98b55,5c37760d94c7b27d382ea1d5c6922d225fe553cc1a3b92b418629cec03da00ea
image_09509_fp16_boundary_v1,native_kc_state,bfa74306db7d5fe0987ae3acd21c6f77997df22f21598d82d465f5675884ab1b,3a1f3dfd13115991ba1e123187fa7dc12289609ebd58ef2e2fa70dde91fef7e7
image_09509_fp16_boundary_v1,feed_kc_state,6ffbd8f475fa45cf56bf48318f2233c2711837d82e2bd5a1b6f4e974398f2cc2,3a1f3dfd13115991ba1e123187fa7dc12289609ebd58ef2e2fa70dde91fef7e7
image_09509_bf16_pair_boundary_v1,native_kc_state,bfbbe6c5561d97f23f9fd4c380a00422a433ddb79473cc4af4561ea6c2f88046,a3123c881a53662706beccdaad5e16b35c66462f1fdbaef294d87b7a8d8d4e11
image_09509_bf16_pair_boundary_v1,feed_kc_state,8f4b7f2ffdd1f581f7e17157828e5c8b9b1ba091e509a5315cc68976b773b58e,a3123c881a53662706beccdaad5e16b35c66462f1fdbaef294d87b7a8d8d4e11
image_07163_A00_v1,native_kc_state,cc7ed2b7fb40c33d529b212785d37abebb6be3395c02056a701070d8808a5f1e,80451a458fcd6bc4b81b7414296d7573931c356bee1658626e743adf1e8558f2
image_07163_A00_v1,feed_kc_state,cc7ed2b7fb40c33d529b212785d37abebb6be3395c02056a701070d8808a5f1e,80451a458fcd6bc4b81b7414296d7573931c356bee1658626e743adf1e8558f2
image_07163_A10_v1,native_kc_state,66c9ef891bca2adf893db7f825b8d32f368539d38bce7ac2816221b38e44725b,c204bed312fb49d3be8ac921721b86c1e6d6b0fd3a9c56426e8c79d3c64098ee
image_07163_A10_v1,feed_kc_state,66c9ef891bca2adf893db7f825b8d32f368539d38bce7ac2816221b38e44725b,c204bed312fb49d3be8ac921721b86c1e6d6b0fd3a9c56426e8c79d3c64098ee
image_07163_A01_v1,native_kc_state,68f7c5e15fb16b2a9777664ce0dfee2684e97543cf9ce906725a8836074f19da,8fccc345d0a62759479c8010fc98ef50694fa4d41f4f422115641ae653efd443
image_07163_A01_v1,feed_kc_state,2eaec479872f52c913bd960c33c3e1016c8cb0f7092e6ab118cbb3ebaf465ad4,8fccc345d0a62759479c8010fc98ef50694fa4d41f4f422115641ae653efd443
image_07163_A11_v1,native_kc_state,e0a933ed9a67d9fbb87bae02556111fe036ff0bd835cd08c8aba6a958c05ef50,8b7f93585528bd3af759f48c4fddecf6b3b2a3b3cb43008bdcf6fb446f243212
image_07163_A11_v1,feed_kc_state,f69e3171a26e5a0ecefe47f05179c7ac86cd5d45bc62287475273c2ad3daad0c,8b7f93585528bd3af759f48c4fddecf6b3b2a3b3cb43008bdcf6fb446f243212
image_07163_fp16_boundary_v1,native_kc_state,853b2889c22ff9b54d2db8465a26282e37c6f594f76812ee16e08315e80b75c7,ca5c0634efa79c4b32a7c14821731cbdf79b3745f17abca6b1ff05a8e9d12991
image_07163_fp16_boundary_v1,feed_kc_state,4f38023b5958dc5c0eee7fec3936cb8917787fbe6838384de6a696d9ffe514f3,ca5c0634efa79c4b32a7c14821731cbdf79b3745f17abca6b1ff05a8e9d12991
image_07163_bf16_pair_boundary_v1,native_kc_state,c30b00e8334ffad425e4efdec2a962bb04ac4abc5ad0107d2f86d6113cb7f356,151ec3a5b37bcc9304be813984f7df862e6dc7896aed336f51b15fb0e2e2b394
image_07163_bf16_pair_boundary_v1,feed_kc_state,99753601e4f2d9faafdeabe17f272f1b6aca70493f700a906071bdf3b22bb79a,151ec3a5b37bcc9304be813984f7df862e6dc7896aed336f51b15fb0e2e2b394
image_00895_A00_v1,native_kc_state,065e8e553091d8d2c715cc75d62c5d6dd18f6feb4e74698d220205b3cc280940,46e512665ad0b1b3803f06956d957ab5f2dbc09546e6d96e8236a19af3eae1d9
image_00895_A00_v1,feed_kc_state,065e8e553091d8d2c715cc75d62c5d6dd18f6feb4e74698d220205b3cc280940,46e512665ad0b1b3803f06956d957ab5f2dbc09546e6d96e8236a19af3eae1d9
image_00895_A10_v1,native_kc_state,d2d02e467a3470290dc3a0f26f2172404bab0282f41139a2c3285cd78d60495d,3af0b3f30836f52005f054532cc355abee782825707e18f285d86176aba863be
image_00895_A10_v1,feed_kc_state,d2d02e467a3470290dc3a0f26f2172404bab0282f41139a2c3285cd78d60495d,3af0b3f30836f52005f054532cc355abee782825707e18f285d86176aba863be
image_00895_A01_v1,native_kc_state,e3ac457e48b31d93af4c7a35cc64a17a4ee760403bb2aac70be3f4daa219a077,083f4945a088cfd318f090ec9e0eeb13219423aff5debd713170ec702d7baaec
image_00895_A01_v1,feed_kc_state,b947ab98e7e25c47a43a982c599170d51d3d74a42383d9954216b15b0ba6d7ad,083f4945a088cfd318f090ec9e0eeb13219423aff5debd713170ec702d7baaec
image_00895_A11_v1,native_kc_state,f508ae6aea6edbed73b5152e2ce8656493100a1565471cc6443b7e22115e4a35,4fc18c28acc0848bc09f057882f7918751f41879af7f9e47d84bb68a5daf5d38
image_00895_A11_v1,feed_kc_state,a2e4ebe54c5005b159b1629a995712addc9184764f0c7cf026553114ce7b3c95,4fc18c28acc0848bc09f057882f7918751f41879af7f9e47d84bb68a5daf5d38
image_00895_fp16_boundary_v1,native_kc_state,2aac6dc60d43ba56c07336ccadb6b34f04c31788809dc432ec0ee0df21436734,df0cc1590b2e92ad9f31c460702892739901b12344d30957b2d386d596455d06
image_00895_fp16_boundary_v1,feed_kc_state,41a585f6076ef101b39acc6e9934075980063a8d18d3de7215015461a3e3efc3,df0cc1590b2e92ad9f31c460702892739901b12344d30957b2d386d596455d06
image_00895_bf16_pair_boundary_v1,native_kc_state,02aac4ffeb214071216e98ca0b230740e8aa9f938355f0b4c8a103f0be68134f,ba2ccb8bdb40b90c6559b4814fb3db1544a3252f74a11cc9079b2073f804e795
image_00895_bf16_pair_boundary_v1,feed_kc_state,e5214f49f00afa4d3ed3c6b5347549ee96160f0ba7f83a152df887792a8416b0,ba2ccb8bdb40b90c6559b4814fb3db1544a3252f74a11cc9079b2073f804e795
image_00192_A00_v1,native_kc_state,404812a0cb0a4708f9e3e82f50afd1f2e6af42c2c6dccbcab9c8c2b35ba0d27d,342146690af7caa3da7a95a967cdd8ae0a763b450bb4dfdf1e2588db9a7b5561
image_00192_A00_v1,feed_kc_state,404812a0cb0a4708f9e3e82f50afd1f2e6af42c2c6dccbcab9c8c2b35ba0d27d,342146690af7caa3da7a95a967cdd8ae0a763b450bb4dfdf1e2588db9a7b5561
image_00192_A10_v1,native_kc_state,533fa87318d071c728dee0b8701300e00dd5764f8fc4a9ce5d022809825cf9d8,d97e553387906e3612fa604e461d89946c4a2703760959958de91fc962bc8b0c
image_00192_A10_v1,feed_kc_state,533fa87318d071c728dee0b8701300e00dd5764f8fc4a9ce5d022809825cf9d8,d97e553387906e3612fa604e461d89946c4a2703760959958de91fc962bc8b0c
image_00192_A01_v1,native_kc_state,96ecca31aafbfe9cd075b0b77dc50152865bccf0d71d900aa8f03d5c90d6e17f,4cc5cfc6f1ce6a252f8f1963e8e298867e0a2b15e39db7a0dbed64ab3177a8d8
image_00192_A01_v1,feed_kc_state,95992e3029f08a9fc58d220b523e8d6a6aa6901ad1e07cfc391b15eda579248a,4cc5cfc6f1ce6a252f8f1963e8e298867e0a2b15e39db7a0dbed64ab3177a8d8
image_00192_A11_v1,native_kc_state,7441e4da89cfc09501d4729e554219aa63758d9ab381ce1d09e804ab0fb4abd9,506812ec218615f720d4624b7f8c82edbfc05a87adedea8e6b9e3093e5debf2a
image_00192_A11_v1,feed_kc_state,acf242ab6178d2373a76d42630bf8a947a9b115cb52ffaed7a9128da400c6e2f,506812ec218615f720d4624b7f8c82edbfc05a87adedea8e6b9e3093e5debf2a
image_00192_fp16_boundary_v1,native_kc_state,478d673017f2413d69127e21a699879c6935e97a5fff214749d2dc1f3a84f47c,012d1916da879a83f09201334530813c94d30923c8b5ec883a8b72def1d58482
image_00192_fp16_boundary_v1,feed_kc_state,9dd8c53575a49b353a4cb949e3b83724ebf4fb05a0d6336cae85dcd29e4235d8,012d1916da879a83f09201334530813c94d30923c8b5ec883a8b72def1d58482
image_00192_bf16_pair_boundary_v1,native_kc_state,3848cb6fee4e31099f56c25138f8183230a060274b4a9f56d3d8f3c72afc4db3,6169c14f018e22915a9344d63f4eea59069765010540e8668be3dcb4a1017ef1
image_00192_bf16_pair_boundary_v1,feed_kc_state,d5b5e33a4ddd288c7386de47fa2f384c78bea70916d15c15028668493aa6d75f,6169c14f018e22915a9344d63f4eea59069765010540e8668be3dcb4a1017ef1
image_09650_A00_v1,native_kc_state,4777f0075109050369695801e384c2b6efcf49e6974f5f1f4b0980cac66410f9,7dc57d331167a0e23cb46798ac01515d3a18affa2f67f0a3cff852f7dd500485
image_09650_A00_v1,feed_kc_state,4777f0075109050369695801e384c2b6efcf49e6974f5f1f4b0980cac66410f9,7dc57d331167a0e23cb46798ac01515d3a18affa2f67f0a3cff852f7dd500485
image_09650_A10_v1,native_kc_state,3ae885f03c62b3eb831e59fe7d6d606ed40ade60519abc0cefa3fd43d83df1e3,c6fa4c17f0918767d262e02ad430273b564c4e1d43ae0a3b108c8f03e9558325
image_09650_A10_v1,feed_kc_state,3ae885f03c62b3eb831e59fe7d6d606ed40ade60519abc0cefa3fd43d83df1e3,c6fa4c17f0918767d262e02ad430273b564c4e1d43ae0a3b108c8f03e9558325
image_09650_A01_v1,native_kc_state,81069f72319a02f17e739d38e4c3559029cac56ad1fea2e0ee6b325e52b9614f,db007635258e4e1d1e762622d40e3fa17bc0c8638fda7c623631408e4e480b69
image_09650_A01_v1,feed_kc_state,15bdbb92564fc62e0d249bb8c5569548542ed87861b60f3c8ec1bf414997727d,db007635258e4e1d1e762622d40e3fa17bc0c8638fda7c623631408e4e480b69
image_09650_A11_v1,native_kc_state,ccd76004233ec0b25baa565623b4af97d4215e2997f9633055176960e0b49e1c,b98d2b667396d855a086214f9b25a4c28f0e62e771fd88752255cbc883a06566
image_09650_A11_v1,feed_kc_state,f356a9b821648dc25603ccc36a7046ab684fe4730bf407fa0d26d30d906c9786,b98d2b667396d855a086214f9b25a4c28f0e62e771fd88752255cbc883a06566
image_09650_fp16_boundary_v1,native_kc_state,6f193c59b535c19d31eb0aaf51f4d561938fb39dfbd306d30f61b3eafa742bd0,b0d51aeae8bc81cd9e62d591a7c4102158b2f048413a1624d7b7acd44c749749
image_09650_fp16_boundary_v1,feed_kc_state,ebe3857d5cf5e20b1d08d6ac32d79b6c7c456c03cf08dc6cec6c09aa6fe7f572,b0d51aeae8bc81cd9e62d591a7c4102158b2f048413a1624d7b7acd44c749749
image_09650_bf16_pair_boundary_v1,native_kc_state,3c992a603933db1818837e65710e4e5130a2266b70e65f5193dccf9a90d848c3,acd446682686bc9f5d44ca8718d105e6b825d6fa52a7bbab5dc8dad1fceb3aa2
image_09650_bf16_pair_boundary_v1,feed_kc_state,cec2c0643a2300e810f8d602026f582d57bd4f796ef06361b827ae5ad3265cc4,acd446682686bc9f5d44ca8718d105e6b825d6fa52a7bbab5dc8dad1fceb3aa2
image_03233_A00_v1,native_kc_state,9eff3b590b3620eab41ec71f7f9eca4a45ae0013b7ac06e66be98a97e4752307,6a2f2ea6863f972b8896eeda69e2048828b8b0463d449b5c9046de92f1eb5f42
image_03233_A00_v1,feed_kc_state,9eff3b590b3620eab41ec71f7f9eca4a45ae0013b7ac06e66be98a97e4752307,6a2f2ea6863f972b8896eeda69e2048828b8b0463d449b5c9046de92f1eb5f42
image_03233_A10_v1,native_kc_state,6d520decbb6c55be9652a86525cd3a16ed244c7e1feb8b57ac0237592d82a57f,52aca8f233a9d179177ecb57416b4a49136df5628bb3942cf6c15fd387805316
image_03233_A10_v1,feed_kc_state,6d520decbb6c55be9652a86525cd3a16ed244c7e1feb8b57ac0237592d82a57f,52aca8f233a9d179177ecb57416b4a49136df5628bb3942cf6c15fd387805316
image_03233_A01_v1,native_kc_state,062877e12907e6a186ebfec7d565b2576e5b4af235954bbf3692d47cd831c69e,18e5501fda4933c7e82ec3a4d919c7e5894a14293f7dc45ec0e14443e76dbf4b
image_03233_A01_v1,feed_kc_state,db7f454b0a88ce1f7ec07d6b0188f9bfcae7bcb29e3e73140524f58563db6edc,18e5501fda4933c7e82ec3a4d919c7e5894a14293f7dc45ec0e14443e76dbf4b
image_03233_A11_v1,native_kc_state,f62ddb37cc6ad6c31b1025a52c8dad0ab22fd85f626f6b5590dbce14dd4305ec,3109f0f942a8dffe6850ee7de5d259f1be3911f80bb8ee8ea865879fd2955fcc
image_03233_A11_v1,feed_kc_state,a835de7e30bf81c2a46ed6bad56d9b48575270387aa27c3588c361e186d3b69b,3109f0f942a8dffe6850ee7de5d259f1be3911f80bb8ee8ea865879fd2955fcc
image_03233_fp16_boundary_v1,native_kc_state,50033e4888837633e81570cfd8e4dc97be77536bd0217f4962a0c506cc66b42a,c2d0bf8168c7473650046e3e82b3f5b9f00dfea2e0bf54a382f59a9690f93b1f
image_03233_fp16_boundary_v1,feed_kc_state,76c27b66230a8a492ac6afb4f31fe25ec5b345ae09429941435fc22a79bee149,c2d0bf8168c7473650046e3e82b3f5b9f00dfea2e0bf54a382f59a9690f93b1f
image_03233_bf16_pair_boundary_v1,native_kc_state,dd1e75f291a7eac095fecb68a11c73ee40469bd714f5a6ff1d27c906960ae5b6,75b82d1dc5e5e0594ea33dea20b24879e33390eb4723d1a6b49ba3a568d7e553
image_03233_bf16_pair_boundary_v1,feed_kc_state,56dcc8b4fac7f91a089a352f2e80981e111face107120ee053385dd7f8ce1d09,75b82d1dc5e5e0594ea33dea20b24879e33390eb4723d1a6b49ba3a568d7e553
image_07198_A00_v1,native_kc_state,3ccee57682af5f2e98873131d7358a0029b914cbfc8d9d2b32e5648ccd415483,20cae3123e8d5c792effe1781b1d9e8dc26b6b0a98240fac91bda9c774b47753
image_07198_A00_v1,feed_kc_state,3ccee57682af5f2e98873131d7358a0029b914cbfc8d9d2b32e5648ccd415483,20cae3123e8d5c792effe1781b1d9e8dc26b6b0a98240fac91bda9c774b47753
image_07198_A10_v1,native_kc_state,4795f4fbaf5f4f22a50b7e50ed367281efa580a24c7527cc7136f4890b579d31,57d21faf41d6d3db7040341f8415c423e689043639d195be0287f11323f20670
image_07198_A10_v1,feed_kc_state,4795f4fbaf5f4f22a50b7e50ed367281efa580a24c7527cc7136f4890b579d31,57d21faf41d6d3db7040341f8415c423e689043639d195be0287f11323f20670
image_07198_A01_v1,native_kc_state,06549fd4176f47ed7dc8acf5ea979139e4933b3855892c3d021e79096bd30cae,91f354c9dec1c5eb2bf13c8fa1ee0ca66f1f503faded27dc386e7273682edbdc
image_07198_A01_v1,feed_kc_state,7c41df257df6ea0cbee1d6a8ac4a4cb0aacdb4ee68fce321d2a89a5c665f74ea,91f354c9dec1c5eb2bf13c8fa1ee0ca66f1f503faded27dc386e7273682edbdc
image_07198_A11_v1,native_kc_state,103558811a1ed031688c5a0329dd6ce074dd1edd8c83c2423ebe79187b3a62f0,3108deff3a0d06728a657358e7bb76532385aa5350677c25267c6b9a9512ccbc
image_07198_A11_v1,feed_kc_state,9e6a5c564c0c7eb02c7f639f4cf9c0daddc269d2ccd68645e2f0dad61e646f94,3108deff3a0d06728a657358e7bb76532385aa5350677c25267c6b9a9512ccbc
image_07198_fp16_boundary_v1,native_kc_state,e8a90935a1b59e7dbe8833f62d86bbefc35577cd4efbbbdcddef2c6bb5e3c034,31ba07aac9ff3e4bdb40ef4a5f4669cdd2686cc6c6438dd28d409bc931ca66b8
image_07198_fp16_boundary_v1,feed_kc_state,4959d0ed19410a3a86241a1dda247279f7782abe5d7897e85813e4c848aa72e3,31ba07aac9ff3e4bdb40ef4a5f4669cdd2686cc6c6438dd28d409bc931ca66b8
image_07198_bf16_pair_boundary_v1,native_kc_state,7f07b0913062a3faf9c39d263de36cf87136467bda8db0789eee00b32dce1ef2,1e6b61bfb4bc963c3e4af6f798c2578ce639867f1d7c51797a7015036fbdade4
image_07198_bf16_pair_boundary_v1,feed_kc_state,cf5d34d02513b5524233a3d29d19164a52767066f6600467685bfaefbc0bcecf,1e6b61bfb4bc963c3e4af6f798c2578ce639867f1d7c51797a7015036fbdade4
image_02130_A00_v1,native_kc_state,579597ee2e2a49523459c50ddbb2abbe8b93556b2aa9467a8ed709f34a7f286b,b5568c3f932a164831f91ddf6e359b6c5979630c3b3b59de4a788f88eae865a7
image_02130_A00_v1,feed_kc_state,579597ee2e2a49523459c50ddbb2abbe8b93556b2aa9467a8ed709f34a7f286b,b5568c3f932a164831f91ddf6e359b6c5979630c3b3b59de4a788f88eae865a7
image_02130_A10_v1,native_kc_state,a45e3aa52fffbe103b0adc17ce50cd0bdaffdb09b2b3faf2e390c471955cc751,36cf9f4a68ff51431f1a02a476b91ad3c6400f3716f3da1d878ece9ce5692975
image_02130_A10_v1,feed_kc_state,a45e3aa52fffbe103b0adc17ce50cd0bdaffdb09b2b3faf2e390c471955cc751,36cf9f4a68ff51431f1a02a476b91ad3c6400f3716f3da1d878ece9ce5692975
image_02130_A01_v1,native_kc_state,4d437d99929d5fca8bc9bae91c498287786f26ff3ec750801e67b285dc766cea,51a9b3b9263b4497d4ce16c4047413bfe34b31aed41b34bbbe5fffe455358408
image_02130_A01_v1,feed_kc_state,70bf8134204f2a81007ccdf98a86ea4071a061305fca234f5593c10a3cb2be98,51a9b3b9263b4497d4ce16c4047413bfe34b31aed41b34bbbe5fffe455358408
image_02130_A11_v1,native_kc_state,40f4115b2d481061c47ccb667f20f287f2caecba094a163a8b4dcf09014dbc96,ed2247c3fdd9cafd660fdf33dbd383b452fe969949ac5177a66de622d8facd20
image_02130_A11_v1,feed_kc_state,485f626891f237ba3a4ac272c7b4da6955ec4a5ad1d89047fdafe30e0e8529e3,ed2247c3fdd9cafd660fdf33dbd383b452fe969949ac5177a66de622d8facd20
image_02130_fp16_boundary_v1,native_kc_state,e8a74a619bb07598037c60ec6ac31da96ff4e7afcfc8fb79ee00c4b233deb1de,46f54d7c8100a2d8b63bc45471615b8e5a3cfb23830f0d28069ee16ae3888fc3
image_02130_fp16_boundary_v1,feed_kc_state,81fac4cdf1870505b8a35763e8e75a144f45b1601ffa936f21ab775c463e9355,46f54d7c8100a2d8b63bc45471615b8e5a3cfb23830f0d28069ee16ae3888fc3
image_02130_bf16_pair_boundary_v1,native_kc_state,dd1bb447cc9f35396fee5f1054cef26723426fb229d609e9a2d0f83e84dbb347,26705140c4bf7f06b4a20178584eaf4be6bbb231c6cd7d4645a7a18bee3d9ae2
image_02130_bf16_pair_boundary_v1,feed_kc_state,b38f343542f2e53083b4d6665f5bb77915abca23b7c18894d72b36bd4b3cef5b,26705140c4bf7f06b4a20178584eaf4be6bbb231c6cd7d4645a7a18bee3d9ae2
image_03500_A00_v1,native_kc_state,43ece9715c6b6e9f686ad1d5bf7e2b60d8c9490f57c7fce25974f40d387c958c,10066a02ed7b2f09b2a31b9c75d33dac7d5862ce5d289affcf892d58f223c5fa
image_03500_A00_v1,feed_kc_state,43ece9715c6b6e9f686ad1d5bf7e2b60d8c9490f57c7fce25974f40d387c958c,10066a02ed7b2f09b2a31b9c75d33dac7d5862ce5d289affcf892d58f223c5fa
image_03500_A10_v1,native_kc_state,febc246af0ab660ebcad935bca324b71707d9b12a37b295e6713c3b98b575184,dd7cdb149a432d018d764dc3e9e8599b8d8d5ccb998ed066db4bbc1b0e24d2c7
image_03500_A10_v1,feed_kc_state,febc246af0ab660ebcad935bca324b71707d9b12a37b295e6713c3b98b575184,dd7cdb149a432d018d764dc3e9e8599b8d8d5ccb998ed066db4bbc1b0e24d2c7
image_03500_A01_v1,native_kc_state,12ae3e6e04d1dd79747e2d68363602d2e6bfc3ed472602eac676be65d6e8a2d1,c303393553891df2d478bfacaf71af5705d45e18c724cbd1ed2afe9e8c5f1e18
image_03500_A01_v1,feed_kc_state,9c68c6d8d270933cf6f87f088a83dd3bed07e6a3cd4cd2021f7e83ec0e4b528e,c303393553891df2d478bfacaf71af5705d45e18c724cbd1ed2afe9e8c5f1e18
image_03500_A11_v1,native_kc_state,8039e0d1a99414b6f04a28d63145ac91ecbefc0d5ecd14ae7f41c560bf37a672,b6acf40cf09db07ed6f18d42e33fb852b038194c5934dc8838a18f846d41b972
image_03500_A11_v1,feed_kc_state,018b881571e327022b2d2ef1ddb2a69221042289d714b89e3db6a8f7ee805150,b6acf40cf09db07ed6f18d42e33fb852b038194c5934dc8838a18f846d41b972
image_03500_fp16_boundary_v1,native_kc_state,5c9466eced455e26f11d2bfc376c74b208d3400e7275ef164a43b84cad2da5b2,f1240f7ba62200f14f253b02f3ce6eecb5d1374ad08640a54b80342e241ed63d
image_03500_fp16_boundary_v1,feed_kc_state,75ce6d14fa8ab61aab0957c055383116166d840ea17c216f76a9f302f6cfef5a,f1240f7ba62200f14f253b02f3ce6eecb5d1374ad08640a54b80342e241ed63d
image_03500_bf16_pair_boundary_v1,native_kc_state,6233fb3f83a165101b953af21ba96ecb201f480db2b084f10990bb1a704938df,dce220d4842aa20846375a762d6e66e95154568e189c896a4f77a88fee593984
image_03500_bf16_pair_boundary_v1,feed_kc_state,afbf6239ab4dbaa187cd85484ee2cdcead63fa6c96a482bc76a82d26f728c62b,dce220d4842aa20846375a762d6e66e95154568e189c896a4f77a88fee593984
image_03875_A00_v1,native_kc_state,a41fda424e2a1d1f03ee35c09fa4cb994be47d86a668275161874467a8cc3f3c,8ba25164d4506fca8eccdcc142cb6c9e00fdcf973bc9e35e39ababa462356f54
image_03875_A00_v1,feed_kc_state,a41fda424e2a1d1f03ee35c09fa4cb994be47d86a668275161874467a8cc3f3c,8ba25164d4506fca8eccdcc142cb6c9e00fdcf973bc9e35e39ababa462356f54
image_03875_A10_v1,native_kc_state,389d6ea203139207b1cbf2d1f9adb604667e9bf83b1a3ca0dbca1125de538be8,40d1095fe4dc1e3b6529198faa69899e3e95558bb4435b252d6725f0f8f0ce3f
image_03875_A10_v1,feed_kc_state,389d6ea203139207b1cbf2d1f9adb604667e9bf83b1a3ca0dbca1125de538be8,40d1095fe4dc1e3b6529198faa69899e3e95558bb4435b252d6725f0f8f0ce3f
image_03875_A01_v1,native_kc_state,ebff497bb1873fed357d692d219058764ad23f78efb0f608306cdea7462a5450,95622cc206e06d37a331072d15398862a2d2dfec7472062dfac93c0f7eee7d00
image_03875_A01_v1,feed_kc_state,34b21a5878c50675854dd97c07cd9d21c9083c78f49b21b4298a80aca70f83e5,95622cc206e06d37a331072d15398862a2d2dfec7472062dfac93c0f7eee7d00
image_03875_A11_v1,native_kc_state,31ccbb2a808bd3b38985b2469b22f80674746b137d9cca32209e0230c09856fd,3df3f0310eec5914515d6daf1ef583bee4ed16a125cf6205cd058e1105d1591f
image_03875_A11_v1,feed_kc_state,ed47cce73ec3055b1d8093d7553709117cdef469def94c26518ba75e9241ac3c,3df3f0310eec5914515d6daf1ef583bee4ed16a125cf6205cd058e1105d1591f
image_03875_fp16_boundary_v1,native_kc_state,ac525cc42f7fb4274e37e6ed69aa6c096d67336615d2b66a6d7b0e7c06f1f8dd,a946a916ef8443e72aa90d6e76ca2c277fc834bbaf3639dc1441c421c9fa61cb
image_03875_fp16_boundary_v1,feed_kc_state,751c7ff4513c68d1fbc570716e9fe3a5072568b8a79faf4369d30b2d1ba0f832,a946a916ef8443e72aa90d6e76ca2c277fc834bbaf3639dc1441c421c9fa61cb
image_03875_bf16_pair_boundary_v1,native_kc_state,45f7ea950fa5a0e587b1f06016523ffd2a9d6c98faa15b3ca81dde0711520521,b7770407b0bb47c9cc2beb3ae1d6a22cf8bbc40a06af02b32a4af9cae49c6b83
image_03875_bf16_pair_boundary_v1,feed_kc_state,2ac01cce7567d8112967ae2da22ea421ea7f4046b5c0f3ba82b160b38b082ef8,b7770407b0bb47c9cc2beb3ae1d6a22cf8bbc40a06af02b32a4af9cae49c6b83
image_03861_A00_v1,native_kc_state,e18e760b24b16ca3bd69f6e71196602abb0f263e687b52540315aebeeda70731,6f0737bc6b4702a7cd16a97aeed5d4deaf2edaebd6e8a61230b1532b787017b6
image_03861_A00_v1,feed_kc_state,e18e760b24b16ca3bd69f6e71196602abb0f263e687b52540315aebeeda70731,6f0737bc6b4702a7cd16a97aeed5d4deaf2edaebd6e8a61230b1532b787017b6
image_03861_A10_v1,native_kc_state,4bcac1c1bd19b143cdba3f51128ef2660e15d053adad9a2b7668155f64582ae5,61174d85682b5c6992c9733048282909831a98b2b2af65ce170267bfcc237537
image_03861_A10_v1,feed_kc_state,4bcac1c1bd19b143cdba3f51128ef2660e15d053adad9a2b7668155f64582ae5,61174d85682b5c6992c9733048282909831a98b2b2af65ce170267bfcc237537
image_03861_A01_v1,native_kc_state,426efca884ecfe4b15fc3a99cb2f98843fb3ced26b6485ae2005907bbb3d3ad0,75a53d1bb7890a6f388d987206ee107fa0e495f519dd02760438d37055d9d860
image_03861_A01_v1,feed_kc_state,9f9d6093c4a8d33c62f3478ef99ea10f297a5f44fb140d13a600f96b41b38c48,75a53d1bb7890a6f388d987206ee107fa0e495f519dd02760438d37055d9d860
image_03861_A11_v1,native_kc_state,6a32643619cd9fbe826e2e365a86dbd76d68e29cc2f7b3f34682336e1cb36c89,ed4d586a02629699892f791ff4ad463c23df17f17a8851d25a619623d6de1ed4
image_03861_A11_v1,feed_kc_state,75d64694a0346b2cbcc36408b0bdd2cde0dc08f754accee4142ffb7538fb73d3,ed4d586a02629699892f791ff4ad463c23df17f17a8851d25a619623d6de1ed4
image_03861_fp16_boundary_v1,native_kc_state,66b085f7f181f4de95f41a27f6e280955b35808adef40ea8b00f94ca298d10d9,28edd94fa250deea10cd1139df0baa337db00db259b26578007a68c01007c2e5
image_03861_fp16_boundary_v1,feed_kc_state,20be20fefe3315e6382f18175d847e487021ea6118a290b31f7c611015938bf0,28edd94fa250deea10cd1139df0baa337db00db259b26578007a68c01007c2e5
image_03861_bf16_pair_boundary_v1,native_kc_state,08ef9caeecf80a687da61c3b2db4b66e422efaed5401731f069b89785ddc471a,96f60c06f0b5b336fbe46da20752f7010c0c7bc26939b3cfba152220edb8d16b
image_03861_bf16_pair_boundary_v1,feed_kc_state,c4808525f23aa0e7237ad0ef5887846df499c4572c2e3aa5806f2dd4385d642b,96f60c06f0b5b336fbe46da20752f7010c0c7bc26939b3cfba152220edb8d16b
image_06871_A00_v1,native_kc_state,9f2da75f7f7ffd41f0ce5ce64d1216aab919b54edd26453db60592a04faf78e1,a8baf33a5dcbea0541248b4b0f3f426409ad04bf298a6b5afc03121af19e075c
image_06871_A00_v1,feed_kc_state,9f2da75f7f7ffd41f0ce5ce64d1216aab919b54edd26453db60592a04faf78e1,a8baf33a5dcbea0541248b4b0f3f426409ad04bf298a6b5afc03121af19e075c
image_06871_A10_v1,native_kc_state,b8efdec1bba16d3ab6d2b2d9c73fe980e8e7197c1dacbcebada4bcf4041e7e7e,6a26a021b7d167ca34856ca8cb2c633b86694cb2437b12afda659e999b892eab
image_06871_A10_v1,feed_kc_state,b8efdec1bba16d3ab6d2b2d9c73fe980e8e7197c1dacbcebada4bcf4041e7e7e,6a26a021b7d167ca34856ca8cb2c633b86694cb2437b12afda659e999b892eab
image_06871_A01_v1,native_kc_state,fcbab73f1bd14abddbddc42299f85eb02d5ea87e3aee3949e03bc3ecb6a51680,03586aeed9457e8375259192e999cf9ad0dfc923c698311a17eb7ed9efaef79a
image_06871_A01_v1,feed_kc_state,043d30e5ef3b232970c5caf19fdd57fce885f785822c5f7f839cf3f10b8fa60b,03586aeed9457e8375259192e999cf9ad0dfc923c698311a17eb7ed9efaef79a
image_06871_A11_v1,native_kc_state,93000225902d89deb1008ff7999a47bb9a5a6ce347c19f01937e6e2a3efc4ef5,bfc68144f20a3868b0c2017339c95c012dfa8e8013f80da86c358876d1ee751e
image_06871_A11_v1,feed_kc_state,ebf185a8129a3bcf2c8f2ab0c27c96401963a2e02d3dffb1ca6238f43185048a,bfc68144f20a3868b0c2017339c95c012dfa8e8013f80da86c358876d1ee751e
image_06871_fp16_boundary_v1,native_kc_state,9455b676b3cffa828d775d8ae7ba079887593cf9d491eeede1976862f55ea8e6,50f33a3d00859ed1c978832a40fdf2a42a76731de52967c6925e4e92b2d0d5c8
image_06871_fp16_boundary_v1,feed_kc_state,bf29704fa30ef47ad5a5860b80d07d1d619a29959b92e9f15d098a308c82d30d,50f33a3d00859ed1c978832a40fdf2a42a76731de52967c6925e4e92b2d0d5c8
image_06871_bf16_pair_boundary_v1,native_kc_state,91f747acd567e63259ee38c951675f280b39c4b1485749fe4a192878eaa26e25,7d9a1f4f0597d943af44db4586d6fd53ae4ea086a2eb698965e7350b25005701
image_06871_bf16_pair_boundary_v1,feed_kc_state,58e86992e06c502c6e4dad19e4848a928136b035f62b43e31055b01875394071,7d9a1f4f0597d943af44db4586d6fd53ae4ea086a2eb698965e7350b25005701
