index,label,A00_score_bpp,A00_signed_minus_A00_bpp,A00_absolute_minus_A00_bpp,A10_score_bpp,A10_signed_minus_A00_bpp,A10_absolute_minus_A00_bpp,A01_score_bpp,A01_signed_minus_A00_bpp,A01_absolute_minus_A00_bpp,A11_score_bpp,A11_signed_minus_A00_bpp,A11_absolute_minus_A00_bpp,fp16_boundary_score_bpp,fp16_boundary_signed_minus_A00_bpp,fp16_boundary_absolute_minus_A00_bpp,bf16_pair_boundary_score_bpp,bf16_pair_boundary_signed_minus_A00_bpp,bf16_pair_boundary_absolute_minus_A00_bpp
6116,3,0.6638537372678954,0.0,0.0,0.6726414175063536,0.008787680238458218,0.008787680238458218,0.6585043272023742,-0.005349410065521254,0.005349410065521254,0.6714335157003297,0.007579778432434292,0.007579778432434292,0.6615075824566986,-0.002346154811196821,0.002346154811196821,0.6638438814683756,-9.855799519842279e-06,9.855799519842279e-06
8068,1,0.2412881226293726,0.0,0.0,0.23620995707168727,-0.005078165557685338,0.005078165557685338,0.241886564994259,0.0005984423648864035,0.0005984423648864035,0.24422839455915069,0.002940271929778082,0.002940271929778082,0.23939447267458142,-0.0018936499547911878,0.0018936499547911878,0.24128709032362886,-1.0323057437477967e-06,1.0323057437477967e-06
5732,1,0.25433968999365253,0.0,0.0,0.27521380703536175,0.020874117041709217,0.020874117041709217,0.2597752820773526,0.0054355920837000915,0.0054355920837000915,0.28585129937470205,0.03151160938104952,0.03151160938104952,0.25411955729703456,-0.00022013269661796953,0.00022013269661796953,0.2543431644629459,3.4744692933852406e-06,3.4744692933852406e-06
9178,6,0.9518421754003403,0.0,0.0,0.9512395158685164,-0.0006026595318239236,0.0006026595318239236,0.9520776534393925,0.0002354780390522171,0.0002354780390522171,0.9512775753865068,-0.0005646000138335161,0.0005646000138335161,0.951821420416156,-2.0754984184301328e-05,2.0754984184301328e-05,0.9518458104801839,3.6350798435780263e-06,3.6350798435780263e-06
4220,3,0.45949238087516286,0.0,0.0,0.46437828996938946,0.004885909094226593,0.004885909094226593,0.46785596613629693,0.008363585261134066,0.008363585261134066,0.4792169465101123,0.019724565634949454,0.019724565634949454,0.4587308643593623,-0.0007615165158005865,0.0007615165158005865,0.45949348142226015,1.1005470972880183e-06,1.1005470972880183e-06
5609,6,0.7009842773702025,0.0,0.0,0.6973862835939036,-0.00359799377629888,0.00359799377629888,0.7090850520587446,0.00810077468854209,0.00810077468854209,0.7096279863417664,0.008643708971563857,0.008643708971563857,0.7027005133712845,0.00171623600108195,0.00171623600108195,0.700990137273022,5.859902819427276e-06,5.859902819427276e-06
2878,1,0.2018630792247728,0.0,0.0,0.20125284684131386,-0.0006102323834589474,0.0006102323834589474,0.20292648414883582,0.0010634049240630106,0.0010634049240630106,0.2006605934654521,-0.0012024857593207205,0.0012024857593207205,0.20022259697495445,-0.001640482249818359,0.001640482249818359,0.20186649289427536,3.413669502544403e-06,3.413669502544403e-06
2000,6,1.1939386690871674,0.0,0.0,1.1928926545841303,-0.001046014503037096,0.001046014503037096,1.192686021920738,-0.001252647166429366,0.001252647166429366,1.1914697443335867,-0.002468924753580737,0.002468924753580737,1.1936900706626514,-0.0002485984245159667,0.0002485984245159667,1.1939393960049223,7.269177548785422e-07,7.269177548785422e-07
1916,6,0.18972845071169045,0.0,0.0,0.19142685658899272,0.0016984058773022725,0.0016984058773022725,0.18871995886705523,-0.0010084918446352231,0.0010084918446352231,0.1912092354141066,0.001480784702416138,0.001480784702416138,0.19013610798622524,0.0004076572745347895,0.0004076572745347895,0.18972691253418567,-1.5381775047840218e-06,1.5381775047840218e-06
1722,2,0.774787038771019,0.0,0.0,0.7633646742328277,-0.011422364538191232,0.011422364538191232,0.7928640876205755,0.01807704884955652,0.01807704884955652,0.785965410484017,0.01117837171299807,0.01117837171299807,0.7740961579949243,-0.0006908807760946933,0.0006908807760946933,0.7747801332548137,-6.90551620530222e-06,6.90551620530222e-06
9365,3,0.7494814715979679,0.0,0.0,0.7521225689678436,0.0026410973698757223,0.0026410973698757223,0.752166461365647,0.002684989767679169,0.002684989767679169,0.754750554785785,0.0052690831878171585,0.0052690831878171585,0.74983659956739,0.0003551279694221643,0.0003551279694221643,0.7494832954421659,1.82384419800119e-06,1.82384419800119e-06
8228,0,1.1495470967472674,0.0,0.0,1.157008819156267,0.007461722408999671,0.007461722408999671,1.1476014047496814,-0.0019456919975859854,0.0019456919975859854,1.156304982143763,0.006757885396495578,0.006757885396495578,1.1516542605362128,0.0021071637889453765,0.0021071637889453765,1.1495454510042957,-1.645742971678743e-06,1.645742971678743e-06
9961,6,1.0418701524150178,0.0,0.0,1.0458430656274085,0.003972913212390683,0.003972913212390683,1.0415010950656591,-0.0003690573493586591,0.0003690573493586591,1.0452156157465746,0.0033454633315568305,0.0033454633315568305,1.0424146658778475,0.0005445134628296877,0.0005445134628296877,1.041868724967785,-1.4274472328601462e-06,1.4274472328601462e-06
6707,6,0.7182900234094828,0.0,0.0,0.7173187066213612,-0.0009713167881215679,0.0009713167881215679,0.721713100157528,0.0034230767480452062,0.0034230767480452062,0.722467571581913,0.004177548172430212,0.004177548172430212,0.7174535436763874,-0.0008364797330954188,0.0008364797330954188,0.7182852765756131,-4.7468338696399215e-06,4.7468338696399215e-06
6680,1,0.4783085361734073,0.0,0.0,0.4828083999657778,0.004499863792370495,0.004499863792370495,0.4769805132099639,-0.0013280229634434204,0.0013280229634434204,0.48166500950557467,0.0033564733321673756,0.0033564733321673756,0.47881396878983706,0.0005054326164297684,0.0005054326164297684,0.478304675816555,-3.860356852292135e-06,3.860356852292135e-06
144,7,0.4210541461758684,0.0,0.0,0.4051952523746772,-0.01585889380119121,0.01585889380119121,0.4245812309214588,0.003527084745590381,0.003527084745590381,0.41700755606423195,-0.004046590111636439,0.004046590111636439,0.42148604303740683,0.00043189686153843887,0.00043189686153843887,0.42104487024856735,-9.27592730104454e-06,9.27592730104454e-06
4697,7,0.4018787563081494,0.0,0.0,0.3975187620197662,-0.004359994288383184,0.004359994288383184,0.40780143640871136,0.005922680100561961,0.005922680100561961,0.4053029398808602,0.0034241835727107928,0.0034241835727107928,0.4038847082631069,0.0020059519549575078,0.0020059519549575078,0.40188223726486394,3.4809567145410725e-06,3.4809567145410725e-06
3921,2,0.8175307484001435,0.0,0.0,0.8206896686605193,0.003158920260375786,0.003158920260375786,0.8239702553407274,0.006439506940583928,0.006439506940583928,0.8272691191678854,0.009738370767741866,0.009738370767741866,0.8151221208433653,-0.0024086275567781756,0.0024086275567781756,0.8175254102997389,-5.338100404594925e-06,5.338100404594925e-06
6374,1,0.09530072789391535,0.0,0.0,0.09631535283162489,0.0010146249377095407,0.0010146249377095407,0.09512433897185076,-0.0001763889220645909,0.0001763889220645909,0.09624753177246888,0.0009468038785535315,0.0009468038785535315,0.09544967689376242,0.0001489489998470761,0.0001489489998470761,0.09529795720422582,-2.770689689526873e-06,2.770689689526873e-06
3337,2,0.653886449876641,0.0,0.0,0.6445619052413935,-0.009324544635247567,0.009324544635247567,0.656295992245948,0.002409542369307016,0.002409542369307016,0.6604241878097297,0.00653773793308865,0.00653773793308865,0.6559785659311446,0.0020921160545035455,0.0020921160545035455,0.653888255918144,1.8060415030163313e-06,1.8060415030163313e-06
9509,1,0.4847882466866903,0.0,0.0,0.48796807293796224,0.0031798262512719444,0.0031798262512719444,0.49327941155202554,0.008491164865335243,0.008491164865335243,0.496163923574952,0.011375676888261688,0.011375676888261688,0.4855844489558941,0.000796202269203794,0.000796202269203794,0.48479455469122934,6.30800453904623e-06,6.30800453904623e-06
7163,2,0.40727835065857815,0.0,0.0,0.4183680353548573,0.011089684696279134,0.011089684696279134,0.4071712052642793,-0.00010714539429884651,0.00010714539429884651,0.4346045366059969,0.027326185947418757,0.027326185947418757,0.4068791044965109,-0.00039924616206726826,0.00039924616206726826,0.4072774129005726,-9.377580055258683e-07,9.377580055258683e-07
895,0,1.1668616722688494,0.0,0.0,1.1569482734084233,-0.009913398860426081,0.009913398860426081,1.1639307887717292,-0.002930883497120229,0.002930883497120229,1.1579987828163465,-0.008862889452502909,0.008862889452502909,1.1660213604888137,-0.0008403117800357407,0.0008403117800357407,1.1668585182976525,-3.1539711968786577e-06,3.1539711968786577e-06
192,0,0.7677908639312885,0.0,0.0,0.7795737773160765,0.011782913384787985,0.011782913384787985,0.7742545447837401,0.0064636808524516365,0.0064636808524516365,0.7867744326845781,0.01898356875328966,0.01898356875328966,0.7678669787955978,7.611486430936232e-05,7.611486430936232e-05,0.7677923209426879,1.45701139941945e-06,1.45701139941945e-06
9650,7,0.7407749824917668,0.0,0.0,0.7361063086183479,-0.004668673873418849,0.004668673873418849,0.7465513982044667,0.005776415712699934,0.005776415712699934,0.7436213148388982,0.002846332347131386,0.002846332347131386,0.7400426031017683,-0.0007323793899984832,0.0007323793899984832,0.74077625488762,1.272395853235686e-06,1.272395853235686e-06
3233,4,0.5038379214419759,0.0,0.0,0.49974753567309177,-0.004090385768884153,0.004090385768884153,0.5083882490655501,0.004550327623574213,0.004550327623574213,0.50406719299731,0.00022927155533403187,0.00022927155533403187,0.5029519976589121,-0.0008859237830638467,0.0008859237830638467,0.50383601643348,-1.9050084959504332e-06,1.9050084959504332e-06
7198,8,1.0392235761512498,0.0,0.0,1.0399684686444062,0.0007448924931563461,0.0007448924931563461,1.0381671650844668,-0.001056411066783003,0.001056411066783003,1.040448571332909,0.0012249951816591942,0.0012249951816591942,1.0386931384803844,-0.000530437670865469,0.000530437670865469,1.039218889298427,-4.6868528227328454e-06,4.6868528227328454e-06
2130,4,0.7424377121608892,0.0,0.0,0.7461162804593421,0.003678568298452922,0.003678568298452922,0.7386358919120585,-0.0038018202488306896,0.0038018202488306896,0.7470490771661922,0.004611365005303014,0.004611365005303014,0.7417518938057224,-0.0006858183551667896,0.0006858183551667896,0.7424405086181183,2.7964572291150347e-06,2.7964572291150347e-06
3500,4,0.30017577469875567,0.0,0.0,0.28659611993912987,-0.013579654759625803,0.013579654759625803,0.3053265400283148,0.005150765329559104,0.005150765329559104,0.29353032348895225,-0.006645451209803421,0.006645451209803421,0.29933072653290477,-0.0008450481658509035,0.0008450481658509035,0.30015677850601336,-1.8996192742315454e-05,1.8996192742315454e-05
3875,4,0.498602848037057,0.0,0.0,0.5073467047966894,0.008743856759632407,0.008743856759632407,0.49824776268420645,-0.0003550853528505593,0.0003550853528505593,0.5099890026001594,0.011386154563102435,0.011386154563102435,0.49774446451434323,-0.0008583835227137793,0.0008583835227137793,0.4986059139674435,3.0659303865143706e-06,3.0659303865143706e-06
3861,9,0.6780034735833618,0.0,0.0,0.6827056334454593,0.0047021598620975436,0.0047021598620975436,0.6768395236925295,-0.0011639498908322388,0.0011639498908322388,0.6816583114691145,0.0036548378857527153,0.0036548378857527153,0.6773137407559019,-0.0006897328274598769,0.0006897328274598769,0.6780031725703517,-3.010130100733477e-07,3.010130100733477e-07
6871,7,0.5841837937320548,0.0,0.0,0.5806549108547905,-0.003528882877264272,0.003528882877264272,0.5944492022685183,0.010265408536463516,0.010265408536463516,0.5916344863371198,0.007450692605065035,0.007450692605065035,0.5852924239987988,0.001108630266744015,0.001108630266744015,0.5841872170421839,3.4233101291469836e-06,3.4233101291469836e-06
