contrast,step_start,step_end_exclusive,image_mean_final_bpp_contribution,image_sd_final_bpp_contribution,positive_images,negative_images
joint_minus_native,0,128,-1.3812836433988179e-05,0.00020356261976693475,25,7
joint_minus_native,128,256,0.00023115374960019767,0.0024165804724555935,21,11
joint_minus_native,256,512,0.00212385500315403,0.003915777702048644,24,8
joint_minus_native,512,783,0.003656015951473278,0.0062315375887846735,26,6
matrix_only_minus_native,0,128,1.7561380277261181e-06,0.00014328505288209415,27,5
matrix_only_minus_native,128,256,-0.00013999087405891888,0.001685656180585123,16,16
matrix_only_minus_native,256,512,0.00027241990823107627,0.0033182704675753737,18,14
matrix_only_minus_native,512,783,0.00031156420392633476,0.005797970612520682,21,11
normalizer_only_minus_native,0,128,-2.2176553505573067e-05,9.205705905420809e-05,23,9
normalizer_only_minus_native,128,256,0.00019904702214679535,0.0013201145358645687,23,9
normalizer_only_minus_native,256,512,0.0009088562435438948,0.00229649027533,21,11
normalizer_only_minus_native,512,783,0.0016059596641596445,0.0036652643485170075,20,12
fp16_minus_native,0,128,-1.45581315105484e-05,6.585051713060486e-05,23,9
fp16_minus_native,128,256,6.545376777937142e-05,0.0003583606216852655,15,17
fp16_minus_native,256,512,7.067774295369759e-05,0.0008561118856313098,17,15
fp16_minus_native,512,783,-0.00028527859721527764,0.0008867387145163706,10,22
pair_minus_native,0,128,-4.077150407917107e-09,1.0488934810015201e-07,26,6
pair_minus_native,128,256,-2.3453692937921094e-07,2.282552949358629e-06,17,15
pair_minus_native,256,512,-1.7353119333581403e-07,3.3842247156628025e-06,15,17
pair_minus_native,512,783,-6.732658301804886e-07,3.244887846584556e-06,13,19
joint_minus_matrix_only,0,128,-1.556897446171431e-05,8.588347941176921e-05,24,8
joint_minus_matrix_only,128,256,0.00037114462365911655,0.001089095566490401,21,11
joint_minus_matrix_only,256,512,0.0018514350949229528,0.003065195959140822,22,10
joint_minus_matrix_only,512,783,0.0033444517475469436,0.004448093965277075,25,7
matrix_only_minus_fp16,0,128,1.631426953827452e-05,0.00012524408810890602,9,23
matrix_only_minus_fp16,128,256,-0.00020544464183829035,0.0017604596872472864,12,20
matrix_only_minus_fp16,256,512,0.0002017421652773787,0.0034430963153497442,19,13
matrix_only_minus_fp16,512,783,0.0005968428011416125,0.005803964350822091,21,11
