arm,layer,step_start,step_end_exclusive,pooled_positive_raw_increment,pooled_positive_absorbed,image_mean_absorbed_rate,image_sd_absorbed_rate,image_min_absorbed_rate,image_max_absorbed_rate
A00,0,0,128,131072,0,0.0,0.0,0.0,0.0
A00,0,128,256,131072,0,0.0,0.0,0.0,0.0
A00,0,256,512,262134,0,0.0,0.0,0.0,0.0
A00,0,512,783,277504,0,0.0,0.0,0.0,0.0
A00,7,0,128,131072,0,0.0,0.0,0.0,0.0
A00,7,128,256,130918,0,0.0,0.0,0.0,0.0
A00,7,256,512,261020,0,0.0,0.0,0.0,0.0
A00,7,512,783,274582,0,0.0,0.0,0.0,0.0
A10,0,0,128,131072,0,0.0,0.0,0.0,0.0
A10,0,128,256,131072,0,0.0,0.0,0.0,0.0
A10,0,256,512,262134,0,0.0,0.0,0.0,0.0
A10,0,512,783,277504,0,0.0,0.0,0.0,0.0
A10,7,0,128,131072,0,0.0,0.0,0.0,0.0
A10,7,128,256,130922,0,0.0,0.0,0.0,0.0
A10,7,256,512,261053,0,0.0,0.0,0.0,0.0
A10,7,512,783,274722,0,0.0,0.0,0.0,0.0
A01,0,0,128,131072,24776,0.18902587890625,0.04269604549922042,0.152587890625,0.296875
A01,0,128,256,131072,80730,0.6159210205078125,0.07968345978090018,0.4873046875,0.76904296875
A01,0,256,512,262133,192399,0.7339747921446456,0.030652710709425646,0.6544189453125,0.7926025390625
A01,0,512,783,277504,232974,0.8395338445571956,0.026966760910664883,0.7722555350553506,0.9123616236162362
A01,7,0,128,131072,47663,0.36363983154296875,0.012762829640539439,0.328857421875,0.37158203125
A01,7,128,256,130922,81124,0.619636500189038,0.06783311702237683,0.5380102664385236,0.7737279843444227
A01,7,256,512,261078,173676,0.6652240521237482,0.03445102577736136,0.6134834210204332,0.773193359375
A01,7,512,783,274776,201176,0.7320552671639531,0.03654047908140423,0.6853138753764189,0.8209197266303718
A11,0,0,128,131072,24776,0.18902587890625,0.04269604549922042,0.152587890625,0.296875
A11,0,128,256,131072,80730,0.6159210205078125,0.07968345978090018,0.4873046875,0.76904296875
A11,0,256,512,262133,192399,0.7339747921446456,0.030652710709425646,0.6544189453125,0.7926025390625
A11,0,512,783,277504,232974,0.8395338445571956,0.026966760910664883,0.7722555350553506,0.9123616236162362
A11,7,0,128,131072,47634,0.3634185791015625,0.012688334324390146,0.3291015625,0.371337890625
A11,7,128,256,130926,80962,0.6183759392505643,0.06734894257426227,0.5380102664385236,0.7713377353876253
A11,7,256,512,261133,173593,0.6647673182498759,0.033835703622478154,0.6136808614782183,0.76953125
A11,7,512,783,274853,200982,0.7311595070030736,0.03417538628512845,0.6874419684308264,0.8177300046232086
fp16_boundary,0,0,128,131072,2885,0.02201080322265625,0.02228140404114733,0.010009765625,0.078369140625
fp16_boundary,0,128,256,131072,29383,0.22417449951171875,0.0861246244076629,0.0751953125,0.413818359375
fp16_boundary,0,256,512,262133,107923,0.4117113335191295,0.02956272674271869,0.3319091796875,0.485107421875
fp16_boundary,0,512,783,277504,151053,0.5443272889760147,0.02649794824459721,0.4820110701107011,0.5994003690036901
fp16_boundary,7,0,128,131072,25895,0.19756317138671875,0.01013996614971962,0.1728515625,0.204345703125
fp16_boundary,7,128,256,130919,44726,0.34163971012586225,0.054255144162664054,0.24658203125,0.4577930022021042
fp16_boundary,7,256,512,261024,93083,0.3566100276906372,0.015430229347949725,0.3190914671577655,0.37768767661874925
fp16_boundary,7,512,783,274626,105487,0.3841089336697324,0.029783852969865913,0.33456947502607487,0.4965293845441925
bf16_pair_boundary,0,0,128,131072,0,0.0,0.0,0.0,0.0
bf16_pair_boundary,0,128,256,131072,845,0.00644683837890625,0.01019200156800532,0.0,0.041748046875
bf16_pair_boundary,0,256,512,262133,6545,0.024969212702986292,0.01843812411631538,0.0018310546875,0.05813385442110405
bf16_pair_boundary,0,512,783,277504,8699,0.03134729589483395,0.013700570414303902,0.01095479704797048,0.05362084870848709
bf16_pair_boundary,7,0,128,131072,2012,0.015350341796875,0.0013063013810010059,0.011962890625,0.019775390625
bf16_pair_boundary,7,128,256,130918,4979,0.0380330336831039,0.008042395996650546,0.01123046875,0.04638671875
bf16_pair_boundary,7,256,512,261019,12600,0.048272114424677215,0.008195256724387758,0.02734375,0.06576852418860991
bf16_pair_boundary,7,512,783,274581,18583,0.06770779431881302,0.010365964736039467,0.04426419466975666,0.08434159520732996
