cohort,index,label,contrast,difference_bits_per_predicted_pixel
development10,0,7,matrix,-0.006886753599679829
development10,0,7,normalizer,0.005300370103371033
development10,0,7,both,-0.00021145357840945955
development10,0,7,interaction,0.0013749299178993368
development10,0,7,matrix_given_bf16_normalizer,-0.005511823681780492
development10,0,7,normalizer_given_bf16_matrix,0.0066753000212703695
development10,1,2,matrix,0.002654118025614216
development10,1,2,normalizer,0.03348026824328476
development10,1,2,both,0.04973889391537345
development10,1,2,interaction,0.013604507646474473
development10,1,2,matrix_given_bf16_normalizer,0.01625862567208869
development10,1,2,normalizer_given_bf16_matrix,0.047084775889759234
development10,2,1,matrix,0.0012178100422429172
development10,2,1,normalizer,0.0006859513497177727
development10,2,1,both,0.0013941812616546922
development10,2,1,interaction,-0.0005095801303059977
development10,2,1,matrix_given_bf16_normalizer,0.0007082299119369195
development10,2,1,normalizer_given_bf16_matrix,0.00017637121941177503
development10,3,0,matrix,-0.009079895779845304
development10,3,0,normalizer,0.03959869377129177
development10,3,0,both,0.03729788036088438
development10,3,0,interaction,0.0067790823694379165
development10,3,0,matrix_given_bf16_normalizer,-0.0023008134104073874
development10,3,0,normalizer_given_bf16_matrix,0.04637777614072969
development10,4,4,matrix,0.018749846675589543
development10,4,4,normalizer,0.0019330905494661654
development10,4,4,both,0.02630603828790945
development10,4,4,interaction,0.0056231010628537414
development10,4,4,matrix_given_bf16_normalizer,0.024372947738443285
development10,4,4,normalizer_given_bf16_matrix,0.007556191612319907
development10,7,9,matrix,0.001426068017141624
development10,7,9,normalizer,0.003586189260466277
development10,7,9,both,0.013646298350174724
development10,7,9,interaction,0.008634041072566823
development10,7,9,matrix_given_bf16_normalizer,0.010060109089708447
development10,7,9,normalizer_given_bf16_matrix,0.0122202303330331
development10,8,5,matrix,-0.007440666572440913
development10,8,5,normalizer,0.014087311123752722
development10,8,5,both,0.004436743228360185
development10,8,5,interaction,-0.002209901322951624
development10,8,5,matrix_given_bf16_normalizer,-0.009650567895392537
development10,8,5,normalizer_given_bf16_matrix,0.011877409800801098
development10,11,6,matrix,0.022559515496392235
development10,11,6,normalizer,0.012233202051253
development10,11,6,both,0.04960249376894277
development10,11,6,interaction,0.014809776221297533
development10,11,6,matrix_given_bf16_normalizer,0.03736929171768977
development10,11,6,normalizer_given_bf16_matrix,0.027042978272550533
development10,18,3,matrix,-0.005429871852175916
development10,18,3,normalizer,0.00810610290460323
development10,18,3,both,0.004653835460998845
development10,18,3,interaction,0.0019776044085715316
development10,18,3,matrix_given_bf16_normalizer,-0.0034522674436043843
development10,18,3,normalizer_given_bf16_matrix,0.010083707313174761
development10,61,8,matrix,0.007803499469162478
development10,61,8,normalizer,0.0017361191058400394
development10,61,8,both,0.012385466808548018
development10,61,8,interaction,0.0028458482335455004
development10,61,8,matrix_given_bf16_normalizer,0.010649347702707979
development10,61,8,normalizer_given_bf16_matrix,0.00458196733938554
