cohort,contrast,n_images,mean,sample_sd,median,min,max,pointwise_95_lower,pointwise_95_upper,positive,negative,exact_zero
fixed32,normalizer_given_bf16_matrix,32,0.005551462491667288,0.0063330012673534055,0.004734261142384982,-0.0014229102505436408,0.022600736251189302,0.003425583318731722,0.0077399787878231876,23,9,0
fixed32,normalizer_only,32,0.002691686376344739,0.004878346874141755,0.0017364736466850134,-0.005349410065521254,0.01807704884955652,0.0010926459887729053,0.004401006056059919,19,13,0
fixed32,interaction,32,0.0028597761153225506,0.004025784028541035,0.0016311509838962124,-0.0016556582999247837,0.01634364664543847,0.0016073973103084475,0.004313099749080134,25,7,0
fixed32,A10_minus_fp16,32,0.0006094545941189543,0.00800050326726392,0.0011527900151906134,-0.01629079066272965,0.021094249738327187,-0.0020801581163835932,0.0034163016709108564,18,14,0
fixed32,matrix_only,32,0.00044574937612619926,0.0078096864739682385,0.0008797587154329434,-0.01585889380119121,0.020874117041709217,-0.002183338703094968,0.003163346677628809,17,15,0
fixed32,both,32,0.005997211867793487,0.008753796737905144,0.003916193029091464,-0.008862889452502909,0.03151160938104952,0.0031551281365168058,0.009093026130535987,26,6,0
fixed32,matrix_given_bf16_normalizer,32,0.003305525491448748,0.00855557970477526,0.00241555305597152,-0.011796216539362525,0.027433331341717604,0.0005138341775716416,0.006364743596161445,21,11,0
fixed32,fp16_minus_native,32,-0.00016370521799275502,0.0011662782617721651,-0.0003239222932916175,-0.0024086275567781756,0.0021071637889453765,-0.0005587433742163321,0.0002337351055729737,13,19,0
fixed32,pair_minus_native,32,-1.085411103301636e-06,5.194641268366459e-06,-6.19385507799608e-07,-1.8996192742315454e-05,6.30800453904623e-06,-2.975229931931171e-06,5.84602157037513e-07,15,17,0
